ged	gold	id	normalized_exact_match	prediction	question
0.34798534798534797	left image @@SEP@@ right image @@SEP@@ combat golf balls in @@1@@ @@SEP@@ combat golf balls in @@2@@ @@SEP@@ number of @@3@@ @@SEP@@ number of @@4@@ @@SEP@@ if @@5@@ is equal to @@6@@	NLVR2_train_train-11100-3-0	False	the left image @@SEP@@ the right image @@SEP@@ combat golf balls in @@1@@ @@SEP@@ combat golf balls in @@2@@ @@SEP@@ number of @@3@@ @@SEP@@ number of @@4@@ @@SEP@@ sum of @@5@@ and @@6@@ @@SEP@@ if @@7@@ is equal to combat golf balls @@SEP@@ if both @@4@@ and @@8@@ are true	If the left and right image contains the same number of combat golf balls.
0.4265734265734266	flights @@SEP@@ @@1@@ from pittsburgh @@SEP@@ @@2@@ to atlanta @@SEP@@ @@3@@ on wednesday @@SEP@@ @@4@@ that leave before noon @@SEP@@ @@5@@ which serve breakfast	ATIS_train_1873	False	flights @@SEP@@ @@1@@ from pittsburgh @@SEP@@ @@2@@ to atlanta @@SEP@@ @@3@@ that leave before noon and serve breakfast	show me all all flights from pittsburgh to atlanta on wednesday which leave before noon and serve breakfast 
0.0	pyramid shapes @@SEP@@ number of @@1@@	CLEVR_train_7357	True	pyramid shapes @@SEP@@ number of @@1@@	How many pyramid shapes are there?
0.5	objects @@SEP@@ @@1@@ that is in the back of the frame	CLEVR_train_3402	True	object @@SEP@@ @@1@@ that is in the back of the frame @@SEP@@ object @@SEP@@ @@1@@ that is in the back of the frame	What object is in the back of the frame?
0.2812674504982197	image on the left @@SEP@@ pandas in @@1@@ @@SEP@@ the grass @@SEP@@ @@2@@ sitting in @@3@@ @@SEP@@ number of @@4@@ @@SEP@@ if @@5@@ is equal to one	NLVR2_train_train-4192-0-0	False	the image on the left @@SEP@@ pandas in @@1@@ @@SEP@@ grass in @@1@@ @@SEP@@ if @@2@@ is in grass in @@3@@ @@SEP@@ number of @@4@@ @@SEP@@ if @@5@@ is in grass in @@3@@	If there is a single panda sitting in the grass in the image on the left.
0.29370370370370374	right image @@SEP@@ left image @@SEP@@ animals of @@1@@ @@SEP@@ animals of @@2@@ @@SEP@@ the number of @@3@@ @@SEP@@ the number of @@4@@ @@SEP@@ if @@5@@ is higher than @@6@@	NLVR2_train_train-13014-1-1	False	the image on the right @@SEP@@ animals @@SEP@@ @@2@@ in @@1@@ @@SEP@@ @@2@@ besides @@3@@ @@SEP@@ the number of @@3@@ @@SEP@@ the number of @@4@@ @@SEP@@ if @@5@@ is higher than @@6@@	If there are more animals in the image on the right than in the image on the left.
0.12222222222222223	movies @@SEP@@ @@1@@ with rating R @@SEP@@ titles of @@2@@	SPIDER_train_2973	False	movies @@SEP@@ @@1@@ that have an R rating @@SEP@@ the titles of @@2@@	Return the titles of any movies with an R rating.
0.9613837489943685	flights @@SEP@@ @@1@@ on united airlines @@SEP@@ @@2@@ that go through denver	ATIS_train_623	False	flights @@SEP@@ @@1@@ on united airlines @@SEP@@ @@2@@ on united airlines @@SEP@@ @@3@@ on united airlines @@SEP@@ @@4@@ on united airlines @@SEP@@ @@5@@ on united airlines @@SEP@@ @@6@@ on united airlines @@SEP@@ @@7@@ on united airlines @@SEP@@ @@8@@ on united airlines @@SEP@@ @@9@@ on united airlines @@SEP@@ @@10@@ on united airlines @@SEP@@ @@11@@ on united airlines @@SEP@@ @@12@@ on united airlines @@SEP@@ @@13@@ on united airlines @@SEP@@ @@14@@ on united airlines @@SEP@@ @@15@@ on united airlines @@SEP@@ @@16@@ on united airlines @@SEP@@ @@17@@ on united airlines @@SEP@@ @@18@@ on united airlines @@SEP@@ @@19@@ on united airlines @@SEP@@ @@20@@ on united airlines @@SEP@@ @@21@@ on united airlines @@SEP@@ @@22@@ on united airlines @@SEP@@ @@23@@ on united airlines @@SEP@@ @@24@@ on united airlines @@SEP@@ @@25@@ on united airlines @@SEP@@ @@26@@ on united airlines @@SEP@@ @@27@@ on united airlines @@SEP@@ @@28@@ on united airlines @@SEP@@ @@29@@ on united airlines @@SEP@@ @@30@@ on united airlines @@SEP@@ @@31@@ on united airlines @@SEP@@ @@32@@ on united airlines @@SEP@@ @@33@@ on united airlines @@SEP@@ @@34@@ on united airlines @@SEP@@ @@35@@ on united airlines @@SEP@@ @@36@@ on united airlines @@SEP@@ @@37@@ on united airlines @@SEP@@ @@38@@ on united airlines @@SEP@@ @@39@@ on united airlines @@SEP@@ @@40@@ on united airlines @@SEP@@ @@41@@ on united airlines @@SEP@@ @@42@@ on united airlines @@SEP@@ @@43@@ on united airlines @@SEP@@ @@44@@ on united airlines @@SEP@@ @@45@@ on united airlines @@SEP@@ @@46@@ on united airlines @@SEP@@ @@47@@ on united airlines @@SEP@@ @@48@@ on united airlines @@SEP@@ @@49@@ on united airlines @@SEP@@ @@50@@ on united airlines @@SEP@@ @@51@@ on united airlines @@SEP@@ @@52@@ on united airlines @@SEP@@ @@53@@ on united airlines @@SEP@@ @@54@@ on united airlines @@SEP@@ @@55@@ on united airlines @@SEP@@ @@56@@ on	which united airlines flights go through denver 
0.5068027210884354	artists @@SEP@@ @@1@@ who nominated for Khloe & Lamar @@SEP@@ years that @@2@@ play for the Clippers	CWQ_train_WebQTrn-1689_a3b28063f6e86f074de64b6e1260fcfe	False	years @@SEP@@ @@1@@ that Lamar Odom play @@SEP@@ @@2@@ that are for the Clippers @@SEP@@ @@3@@ that are before 2002	In what years did the artist nominated for the Khloe & Lamar award play for the Clippers?
0.0	flights @@SEP@@ @@1@@ on northwest @@SEP@@ @@2@@ with stops in denver	ATIS_train_2081	True	flights @@SEP@@ @@1@@ on northwest @@SEP@@ @@2@@ with stops in denver	northwest flights with stops in denver 
0.013888888888888888	small objects @@SEP@@ big things @@SEP@@ material of @@1@@ @@SEP@@ material of @@2@@ @@SEP@@ is @@3@@ the same as @@4@@	CLEVR_train_3058	True	small objects @@SEP@@ big things @@SEP@@ materials of @@1@@ @@SEP@@ material of @@2@@ @@SEP@@ are all of @@3@@ the same as @@4@@	Are the small objects the same material as the big things?
0.2492063492063492	back-to-back wins @@SEP@@ @@1@@ of the Warrior @@SEP@@ @@1@@ of the Utah Jazz @@SEP@@ number of @@2@@ @@SEP@@ number of @@3@@ @@SEP@@ which is highest of @@4@@ , @@5@@	DROP_train_history_2582_ab89f351-b8f4-4c3a-98f8-637bf6ec0779	False	the Warriors @@SEP@@ back-to-back wins of @@1@@ @@SEP@@ back-to-back wins of @@1@@ @@SEP@@ number of @@2@@ @@SEP@@ number of @@3@@ @@SEP@@ the difference of @@4@@ and @@5@@	Which team had more back-to-back wins, the Warrior or the Utah Jazz?
0.08641975308641975	flights @@SEP@@ @@1@@ from dallas @@SEP@@ @@2@@ to baltimore @@SEP@@ @@3@@ on august third @@SEP@@ @@4@@ that are available	ATIS_train_1941	False	flights @@SEP@@ @@1@@ from dallas @@SEP@@ @@2@@ to baltimore @@SEP@@ @@3@@ on august third @@SEP@@ number of @@4@@	show me the flights available from dallas to baltimore august third 
0.49000000000000005	objects @@SEP@@ @@1@@ that are metallic @@SEP@@ @@1@@ besides @@2@@ @@SEP@@ number of @@3@@	CLEVR_train_17638	False	objects @@SEP@@ @@1@@ that are metallic @@SEP@@ number of @@2@@ @@SEP@@ number of @@1@@ @@SEP@@ difference of @@3@@ and @@4@@	how many objects are left if all the metallic ones are removed?
0.538888888888889	the left photo @@SEP@@ cups in @@1@@ @@SEP@@ dessert @@SEP@@ @@2@@ full of @@3@@ @@SEP@@ number of @@4@@ @@SEP@@ if @@5@@ is equal to two	NLVR2_train_train-11645-0-0	False	the left image @@SEP@@ cups full of @@1@@ @@SEP@@ number of @@2@@ @@SEP@@ if @@3@@ is equal to two @@SEP@@ number of @@4@@ @@SEP@@ if @@5@@ is equal to two @@SEP@@ number of @@6@@ @@SEP@@ if @@7@@ is equal to one	If the left photo contains two cups full of dessert.
None	households @@SEP@@ @@1@@ with females @@SEP@@ @@2@@ with husband @@SEP@@ @@2@@ besides @@3@@ @@SEP@@ @@1@@ with males @@SEP@@ @@5@@ with wife @@SEP@@ @@5@@ besides @@6@@ @@SEP@@ percent of @@4@@ @@SEP@@ percent of @@7@@ @@SEP@@ difference of @@8@@ and @@9@@	DROP_train_history_942_c1f36498-a5e3-491e-a47b-5fb9bddd4e51	False	households @@SEP@@ @@1@@ that had females with no husband present @@SEP@@ @@1@@ that had a male with no wife present @@SEP@@ number of @@2@@ @@SEP@@ number of @@3@@ @@SEP@@ difference of @@4@@ and @@5@@	How many more households had females with no husband present compared to a male with no wife present, by percent?
0.06122448979591837	balls @@SEP@@ @@1@@ that Are gray @@SEP@@ number of @@2@@ @@SEP@@ if @@3@@ is higher than zero	CLEVR_train_3186	False	balls @@SEP@@ @@1@@ that are gray @@SEP@@ number of @@2@@ @@SEP@@ if @@3@@ is at least one	Are any of the balls gray?
0.40740740740740744	the Chargers @@SEP@@ possessions of @@1@@ @@SEP@@ first of @@2@@ @@SEP@@ points scored on @@3@@ @@SEP@@ sum of @@4@@	DROP_train_nfl_2736_dcc41067-e26d-4796-a7b4-d5f5523ae548	False	the Chargers @@SEP@@ points scored on @@1@@ @@SEP@@ points scored on @@2@@ @@SEP@@ sum of @@3@@	How many points were scored on the Chargers first possession?
None	staircases @@SEP@@ rails of @@1@@ @@SEP@@ @@2@@ that are s shaped @@SEP@@ @@3@@ that are wooden and metal @@SEP@@ @@1@@ that has @@4@@ @@SEP@@ left image @@SEP@@ right image @@SEP@@ @@5@@ that are in @@6@@ @@SEP@@ @@5@@ that are in @@7@@ @@SEP@@ number of @@8@@ @@SEP@@ number of @@9@@ @@SEP@@ if @@10@@ is equal to @@11@@	NLVR2_train_train-8176-0-1	False	the left image @@SEP@@ the right image @@SEP@@ if @@1@@ is in the left image @@SEP@@ if @@2@@ is in the right image @@SEP@@ if @@3@@ is in the left image @@SEP@@ if @@4@@ is in the right image @@SEP@@ if @@5@@ is in the left image @@SEP@@ if @@6@@ is in the right image @@SEP@@ if @@7@@ is in the left image @@SEP@@ if @@8@@ is in the right image @@SEP@@ if @@9@@ is in the left image @@SEP@@ if @@10@@ is in the right image @@SEP@@ if @@11@@ is in the left image @@SEP@@ if @@12@@ is in the right image @@SEP@@ if @@13@@ is in the left image @@SEP@@ if @@14@@ is in the right image @@SEP@@ if @@15@@ is in the left image @@SEP@@ if @@16@@ is in the right image @@SEP@@ if @@17@@ is in the left image @@SEP@@ if @@18@@ is in the right image @@SEP@@ if @@19@@ is in the left image @@SEP@@ if @@20@@ is in the right image @@SEP@@ if @@21@@ is in the left image @@SEP@@ if @@22@@ is in the right image @@SEP@@ if @@23@@ is in the left image @@SEP@@ if @@24@@ is in the right image @@SEP@@ if @@25@@ is in the left image @@SEP@@ if @@26@@ is in the right image @@SEP@@ if @@27@@ is in the left image @@SEP@@ if @@28@@ is in the right image @@SEP@@ if @@29@@ is in the left image @@SEP@@ if @@30@@ is in the right image @@SEP@@ if @@31@@ is in the left image @@SEP@@ if @@32@@ is in the right image @@SEP@@ if @@33@@ is in the left image @@SEP@@ if @@34@@ is in the right image @@SEP@@ if @@35@@ is in the left image @@SEP@@ if	If the left and right image contains the same number of staircase with wooden and metal s shaped rails.
0.4121212121212121	flights @@SEP@@ @@1@@ from indianapolis @@SEP@@ @@2@@ tomorrows san diego @@SEP@@ @@3@@ that is tomorrow	ATIS_train_1086	False	flights @@SEP@@ @@1@@ from indianapolis @@SEP@@ @@2@@ to san diego @@SEP@@ @@3@@ on tomorrow @@SEP@@ @@4@@ that are tomorrow @@SEP@@ @@5@@ that are tomorrow	please show me all the flights from indianapolis to san diego tomorrow 
0.6240537240537242	right image @@SEP@@ flasks in @@1@@ @@SEP@@ liquid @@SEP@@ @@3@@ that is yellow @@SEP@@ @@2@@ that holds @@4@@ @@SEP@@ number of @@5@@ @@SEP@@ If @@6@@ is equal to one	NLVR2_train_train-7978-3-0	False	flask @@SEP@@ @@1@@ that is yellow @@SEP@@ liquid @@SEP@@ @@1@@ containing @@3@@ @@SEP@@ if @@2@@ is in one of the images @@SEP@@ if @@4@@ is in other image @@SEP@@ if both @@5@@ and @@6@@ is true	If in the image to the right, one of the flasks holds a yellow liquid.
None	silverware @@SEP@@ item of @@1@@ @@SEP@@ image of @@2@@ @@SEP@@ jar @@SEP@@ @@4@@ that is glass @@SEP@@ @@5@@ that is unlidded @@SEP@@ @@6@@ that is clear @@SEP@@ substance @@SEP@@ @@8@@ that is yellow @@SEP@@ @@9@@ that is pale @@SEP@@ @@10@@ that is creamy @@SEP@@ @@7@@ that is containing @@11@@ @@SEP@@ if @@12@@ is in @@3@@	NLVR2_train_train-218-2-0	False	jar @@SEP@@ @@1@@ that is silverware @@SEP@@ @@2@@ that is unlidded @@SEP@@ substance @@SEP@@ @@4@@ that is creamy @@SEP@@ @@5@@ that is pale @@SEP@@ @@3@@ that is containing @@6@@ @@SEP@@ if @@7@@ is in an image	If an image includes an item of silverware and a clear unlidded glass jar containing a creamy pale yellow substance.
0.022222222222222233	johnny maestro @@SEP@@ wives of @@1@@ @@SEP@@ the first of @@2@@	COMQA_train_cluster-2238-1	True	johnny maestro @@SEP@@ wives of @@1@@ @@SEP@@ first of @@2@@	who was johnny maestro's first wife?
None	sphere @@SEP@@ @@1@@ that is large @@SEP@@ cylinder @@SEP@@ @@3@@ that is large @@SEP@@ shapes @@SEP@@ @@5@@ that is between @@2@@ and @@4@@	CLEVR_train_14374	False	the shapes @@SEP@@ the shapes that are between @@1@@ and @@2@@ @@SEP@@ the shapes that are between @@1@@ and @@2@@ @@SEP@@ the shapes that are between @@1@@ and @@2@@ @@SEP@@ the shapes that are between @@1@@ and @@2@@ @@SEP@@ the shapes that are between @@1@@ and @@2@@ @@SEP@@ the shapes that are between @@1@@ and @@2@@	What shape is between the large sphere and the large cylinder?
0.009615384615384609	product categories @@SEP@@ codes of @@1@@ @@SEP@@ @@1@@ where @@2@@ is Spices @@SEP@@ description of @@3@@	SPIDER_train_5580	False	product categories @@SEP@@ codes of @@1@@ @@SEP@@ @@1@@ where @@2@@ is 'Spices @@SEP@@ description of @@3@@	Find the product category description of the product category with code "Spices".
0.7333333333333333	texas @@SEP@@ alaska @@SEP@@ size of @@1@@ @@SEP@@ size of @@2@@ @@SEP@@ which is the highest of @@3@@ , @@4@@	COMQA_train_cluster-2051-1	False	texas @@SEP@@ the biggest state in @@1@@	what is the biggest state texas or alaska?
0.39487179487179486	afternoon flights from boston @@SEP@@ @@1@@ to san francisco @@SEP@@ @@2@@ that leave in afternoon	ATIS_train_873	False	flights @@SEP@@ @@1@@ from boston @@SEP@@ @@2@@ to san francisco @@SEP@@ @@3@@ that leave in the afternoon	afternoon flights from boston to san francisco please that leave in the afternoon 
0.025	object @@SEP@@ @@1@@ that is farthest to the right @@SEP@@ material of @@2@@	CLEVR_train_10070	False	objects @@SEP@@ @@1@@ that is farthest to the right/ @@SEP@@ material of @@2@@	what is the material of the object farthest to the right?
0.0	elections @@SEP@@ number of @@1@@	SPIDER_train_1174	True	elections @@SEP@@ number of @@1@@	How many elections are there?
0.5272727272727272	touchdown passes @@SEP@@ yards of @@1@@ @@SEP@@ shortest of @@2@@ @@SEP@@ @@2@@ besides @@3@@ @@SEP@@ shortest of @@4@@	DROP_train_nfl_396_a56197fe-e871-4b3f-a279-8e49ca4ece63	False	touchdown passes @@SEP@@ yards of @@1@@ @@SEP@@ the second-shortest of @@2@@	How many yards was the second shortest touchdown pass?
0.45252525252525255	diver @@SEP@@ a seal @@SEP@@ @@1@@ looking at @@2@@ @@SEP@@ if @@3@@ is underwater	NLVR2_train_train-8050-1-0	False	diver @@SEP@@ seal @@SEP@@ @@1@@ looking at @@2@@ @@SEP@@ images of @@3@@ @@SEP@@ the number of @@4@@ @@SEP@@ if @@5@@ is equal to one	If there is a diver looking at a seal underwater
None	balloon @@SEP@@ @@1@@ that is round @@SEP@@ @@2@@ that is red @@SEP@@ @@2@@ that is green @@SEP@@ @@3@@ that is side by side with @@4@@ @@SEP@@ images of @@5@@ @@SEP@@ number of @@5@@ for each @@6@@ @@SEP@@ @@6@@ where @@7@@ is equal to one @@SEP@@ number of @@8@@ @@SEP@@ images @@SEP@@ number of @@10@@ @@SEP@@ if @@9@@ is equal to @@11@@	NLVR2_train_train-3819-1-0	False	the right image @@SEP@@ the left image @@SEP@@ the round red balloon @@SEP@@ the round green balloon @@SEP@@ the round red balloon @@SEP@@ the round green balloon @@SEP@@ the round red balloon @@SEP@@ the round green balloon @@SEP@@ the round red balloon @@SEP@@ the round green balloon @@SEP@@ the round red balloon @@SEP@@ the round green balloon @@SEP@@ the round red balloon @@SEP@@ the round green balloon @@SEP@@ the round red balloon @@SEP@@ the round green balloon @@SEP@@ the round red balloon @@SEP@@ the round green balloon @@SEP@@ the round red balloon @@SEP@@ the round green balloon @@SEP@@ the round red balloon @@SEP@@ the round green balloon @@SEP@@ the round red balloon @@SEP@@ the round green balloon @@SEP@@ the round red balloon @@SEP@@ the round green balloon @@SEP@@ the round red balloon @@SEP@@ the round green balloon @@SEP@@ the round red balloon @@SEP@@ the round green balloon @@SEP@@ the round red balloon @@SEP@@ the round green balloon @@SEP@@ the round red balloon @@SEP@@ the round green balloon @@SEP@@ the round red balloon @@SEP@@ the round green balloon @@SEP@@ the round red balloon @@SEP@@ the round green balloon @@SEP@@ the round red balloon @@SEP@@ the round green balloon @@SEP@@ the round red balloon @@SEP@@ the round green balloon @@SEP@@ the round red balloon @@SEP@@ the round green balloon @@SEP@@ the round red balloon @@SEP@@ the round green balloon @@SEP@@ the round red balloon @@SEP@@ the round green balloon @@SEP@@ the round red balloon @@SEP@@ the round green balloon @@SEP@@ the round red balloon @@SEP@@ the round green balloon @@SEP@@ the round red balloon @@SEP@@ the round green balloon @@SEP@@ the round red balloon @@SEP@@ the round green balloon @@SEP@@ the round red balloon @@SEP@@ the round green balloon @@SEP@@ the round red balloon @@SEP@@ the round green balloon @@SEP@@ the round	If each image shows one round red balloon and one round green balloon side by side
0.39656565656565657	The Fear and Loathing Letters @@SEP@@ volumes of @@1@@ @@SEP@@ covered time spans of @@2@@ @@SEP@@ how short are @@3@@ @@SEP@@ @@2@@ where @@4@@ is the lowest	DROP_train_history_709_930d511c-9550-440a-b6b6-4776ba1cb21c	False	The Fear and Loathing Letters @@SEP@@ the volumes of @@1@@ @@SEP@@ the short of @@2@@ @@SEP@@ the short of @@3@@	Which volume of The Fear and Loathing Letters covered the shortet time span?
0.45804988662131524	ranks @@SEP@@ @@1@@ that are captain @@SEP@@ different @@2@@ @@SEP@@ number of @@3@@	SPIDER_train_6220	False	ranks @@SEP@@ ranks of @@1@@ @@SEP@@ number of @@2@@	How many different captain ranks are there?
0.6713040771864301	networking protocol @@SEP@@ novell @@SEP@@ @@1@@ that was first used by @@2@@ @@SEP@@ the internet @@SEP@@ @@3@@ that is not supported by @@4@@	COMQA_train_cluster-624-3	False	novell network @@SEP@@ protocols of @@1@@ @@SEP@@ @@2@@ that are not supported by the internet @@SEP@@ first of @@3@@	what networking protocol was first used by novell and is not supported by the internet?
0.14583333333333331	field goals @@SEP@@ yards of @@1@@ @@SEP@@ the two longest of @@2@@ @@SEP@@ the difference of @@3@@	DROP_train_nfl_1246_df551e80-7702-4651-907b-26ae028e1376	False	field goals @@SEP@@ yards of @@1@@ @@SEP@@ the two longest of @@2@@ @@SEP@@ the difference of @@3@@ and @@4@@	How many yards difference is there between the two longest field goals?
0.2351851851851852	compression socks @@SEP@@ knee pads @@SEP@@ @@1@@ with @@2@@ @@SEP@@ the number of @@3@@ @@SEP@@ if @@4@@ is equal to eight	NLVR2_train_train-9287-3-0	False	socks @@SEP@@ socks with knee pads @@SEP@@ @@1@@ that are visible @@SEP@@ number of @@3@@ @@SEP@@ if @@4@@ is equal to eight	If eight compression socks with knee pads are visible.
0.3904761904761905	Carson Palmer @@SEP@@ touchdown passes of @@1@@ @@SEP@@ different receivers of @@2@@ @@SEP@@ number of @@3@@	DROP_train_nfl_96_aec6f27a-b609-4cf3-9488-0be8a639e5c4	False	Carson Palmer @@SEP@@ different receivers of @@1@@ @@SEP@@ number of @@2@@	How many different receivers did Carson Palmer pass to for a touchdown?
0.0	gymnasts @@SEP@@ names of @@1@@	SPIDER_train_1747	True	gymnasts @@SEP@@ names of @@1@@	Return the names of the gymnasts.
0.5340909090909091	Prater @@SEP@@ successful field goals of @@1@@ @@SEP@@ number of @@2@@	DROP_train_nfl_2187_2f6a0977-1a59-4550-a72a-703e4f866ed5	False	Prater @@SEP@@ field goals of @@1@@ @@SEP@@ yards of @@2@@ @@SEP@@ @@2@@ where @@3@@ is successful @@SEP@@ number of @@4@@	How many successful field goals did Prater kick?
0.757703081232493	canoes @@SEP@@ platform @@SEP@@ @@1@@ stacked on @@2@@ @@SEP@@ number of @@3@@ @@SEP@@ if @@4@@ is equal to 3	NLVR2_train_train-253-3-1	False	the number of @@1@@ @@SEP@@ if @@2@@ is equal to three @@SEP@@ the number of @@1@@ @@SEP@@ if @@3@@ is higher than three @@SEP@@ the number of @@2@@ @@SEP@@ if @@4@@ is higher than three @@SEP@@ the number of @@3@@ @@SEP@@ if @@5@@ is equal to @@6@@	If 3 canoes are stacked on a platform
0.0	flights @@SEP@@ @@1@@ on us air @@SEP@@ @@2@@ from orlando @@SEP@@ @@3@@ to cleveland @@SEP@@ @@4@@ leaving in the afternoon	ATIS_train_2765	True	flights @@SEP@@ @@1@@ on us air @@SEP@@ @@2@@ from orlando @@SEP@@ @@3@@ to cleveland @@SEP@@ @@4@@ leaving in the afternoon	okay what flights are there us air from orlando to cleveland leaving in the afternoon 
0.4897435897435897	objects @@SEP@@ @@1@@ that are blue @@SEP@@ number of @@1@@ @@SEP@@ number of @@2@@ @@SEP@@ thrid of @@3@@ @@SEP@@ is @@4@@ higher than @@5@@	CLEVR_train_3739	False	objects @@SEP@@ @@1@@ that are blue @@SEP@@ @@1@@ that are not blue @@SEP@@ @@2@@ besides @@3@@ @@SEP@@ number of @@4@@ @@SEP@@ number of @@5@@ @@SEP@@ if @@6@@ is equal to @@7@@	Are more than a thrid of the objects blue?
0.5176068990298238	cylinders @@SEP@@ materials of @@1@@ @@SEP@@ cylinders @@SEP@@ materials of @@3@@ @@SEP@@ if any @@4@@ and @@2@@ are made of the same material	CLEVR_train_8494	False	cubes @@SEP@@ materials of @@1@@ @@SEP@@ cylinders @@SEP@@ materials that @@3@@ are made of @@SEP@@ if there is @@2@@ where @@3@@ is same as @@6@@	Is there a cylinder and cube that are made of the same material?
0.511904761904762	flights @@SEP@@ @@1@@ on delta @@SEP@@ @@2@@ from san francisco @@SEP@@ @@3@@ to atlanta @@SEP@@ when are @@4@@ @@SEP@@ @@4@@ where @@5@@ is the lowest @@SEP@@ if @@6@@ has a meal	ATIS_train_4232	False	flight @@SEP@@ @@1@@ from san francisco @@SEP@@ @@2@@ to atlanta @@SEP@@ @@3@@ that serves meal @@SEP@@ earliest of @@4@@	on the earliest flight from san francisco to atlanta on delta is a meal being served 
0.06666666666666665	spheres @@SEP@@ number of @@1@@	CLEVR_train_4096	False	spheres present @@SEP@@ number of @@1@@	How many spheres are present?
0.748868778280543	cylinders @@SEP@@ @@1@@ that are gray @@SEP@@ @@1@@ that are green @@SEP@@ @@1@@ besides @@2@@ @@SEP@@ @@1@@ besides @@3@@ @@SEP@@ @@1@@ in both @@4@@ and @@5@@ @@SEP@@ number of @@6@@	CLEVR_train_10383	False	cylinders @@SEP@@ @@1@@ that are not gray or green @@SEP@@ number of @@2@@	how many cylinders are not gray or green?
0.1923076923076923	shape @@SEP@@ @@1@@ that is furthest back	CLEVR_train_7594	False	objects @@SEP@@ @@1@@ that is the furthest back	What shape is the furthest back?
0.5138613020965962	the image on the right @@SEP@@ hyena in @@1@@ @@SEP@@ the ground in @@1@@ @@SEP@@ @@2@@ that is a baby @@SEP@@ @@2@@ lying on @@3@@ @@SEP@@ @@5@@ with @@4@@ near it @@SEP@@ number of @@6@@ @@SEP@@ if @@7@@ is equal to one	NLVR2_train_train-10896-1-0	False	right image @@SEP@@ hyenas in @@1@@ @@SEP@@ ground @@SEP@@ @@2@@ that are laying on @@3@@ @@SEP@@ number of @@4@@ @@SEP@@ if @@5@@ is equal to two	If one hyena is lying on the ground with a baby near it in the image on the right.
0.0	anthony hopkins @@SEP@@ movies of @@1@@	COMQA_train_cluster-3580-1	True	anthony hopkins @@SEP@@ movies of @@1@@	what movies has anthony hopkins appeared in?
0.4722222222222222	stevie wonder @@SEP@@ songs of @@1@@ @@SEP@@ @@2@@ that @@1@@ wrote @@SEP@@ the first of @@3@@	COMQA_train_cluster-3955-1	False	stevie wonder @@SEP@@ songs of @@1@@ @@SEP@@ first of @@2@@	what was stevie wonder's first song that he wrote?
0.4407051282051282	shiny objects @@SEP@@ big things @@SEP@@ number of @@1@@ @@SEP@@ number of @@2@@ @@SEP@@ is @@3@@ higher than @@4@@	CLEVR_train_2393	False	objects @@SEP@@ @@1@@ that are shiny @@SEP@@ @@1@@ that are big @@SEP@@ number of @@2@@ @@SEP@@ number of @@3@@ @@SEP@@ if @@4@@ is higher than @@5@@	Are there more shiny objects than there are big things?
0.6284013605442177	the red cylinder @@SEP@@ things @@SEP@@ @@2@@ that are to the left of @@1@@ @@SEP@@ @@3@@ that can roll @@SEP@@ @@4@@ that are shiny @@SEP@@ @@4@@ besides @@5@@ @@SEP@@ the color of @@6@@	CLEVR_train_6739	False	cylinder @@SEP@@ @@1@@ that is red @@SEP@@ thing @@SEP@@ @@3@@ that is not shiny and can roll @@SEP@@ color of @@4@@	What color is the thing that is to the left of the red cylinder that is not shiny and can roll?
0.012820512820512818	customers @@SEP@@ addresses of @@1@@ @@SEP@@ @@1@@ where @@2@@ has TN @@SEP@@ names of @@3@@ @@SEP@@ ids of @@3@@ @@SEP@@ @@4@@ , @@5@@	SPIDER_train_4758	False	customers @@SEP@@ addresses of @@1@@ @@SEP@@ @@1@@ where @@2@@ contains TN @@SEP@@ names of @@3@@ @@SEP@@ ids of @@3@@ @@SEP@@ @@4@@, @@5@@	Return the names and ids of customers who have TN in their address.
None	lemonade @@SEP@@ @@1@@ that is pink @@SEP@@ dishes @@SEP@@ @@3@@ that are glass @@SEP@@ @@2@@ in @@4@@ @@SEP@@ if @@5@@ is in both images	NLVR2_train_train-11548-1-1	False	images @@SEP@@ lemonade @@SEP@@ @@2@@ that are pink @@SEP@@ @@3@@ that are in @@2@@ @@SEP@@ @@4@@ that are in @@2@@ @@SEP@@ @@5@@ that are in @@2@@ @@SEP@@ @@6@@ that are in @@2@@ @@SEP@@ @@7@@ that are in @@2@@ @@SEP@@ @@8@@ that are in @@2@@ @@SEP@@ @@9@@ that are in @@2@@ @@SEP@@ @@10@@ that are in @@2@@ @@SEP@@ @@11@@ that are in @@2@@ @@SEP@@ @@12@@ that are in @@2@@ @@SEP@@ @@13@@ that are in @@2@@ @@SEP@@ @@14@@ that are in @@2@@ @@SEP@@ @@15@@ that are in @@2@@ @@SEP@@ @@16@@ that are in @@2@@ @@SEP@@ @@17@@ that are in @@2@@ @@SEP@@ @@18@@ that are in @@2@@ @@SEP@@ @@19@@ that are in @@2@@ @@SEP@@ @@20@@ that are in @@2@@ @@SEP@@ @@21@@ that are in @@2@@ @@SEP@@ @@22@@ that are in @@2@@ @@SEP@@ @@23@@ that are in @@2@@ @@SEP@@ @@24@@ that are in @@2@@ @@SEP@@ @@25@@ that are in @@2@@ @@SEP@@ @@26@@ that are in @@2@@ @@SEP@@ @@27@@ that are in @@2@@ @@SEP@@ @@28@@ that are in @@2@@ @@SEP@@ @@29@@ that are in @@2@@ @@SEP@@ @@30@@ that are in @@2@@ @@SEP@@ @@31@@ that are in @@2@@ @@SEP@@ @@32@@ that are in @@2@@ @@SEP@@ @@33@@ that are in @@2@@ @@SEP@@ @@34@@ that are in @@2@@ @@SEP@@ @@35@@ that are in @@2@@ @@SEP@@ @@36@@ that are in @@2@@ @@SEP@@ @@37@@ that are in @@2@@ @@SEP@@ @@38@@ that are in @@2@@ @@SEP@@ @@39@@ that are in @@2@@ @@SEP@@ @@40@@ that are in @@2@@ @@SEP@@ @@41@@ that are in @@2@@ @@SEP@@ @@42@@ that are in @@2@@ @@SEP@@ #	If both images have pink lemonade in glass dishes.
0.0	the Bills @@SEP@@ points trailing by of @@1@@ @@SEP@@ @@2@@ at halftime	DROP_train_nfl_57_e9abc20e-d56d-48d3-b5c0-70cad5e65b11	True	the Bills @@SEP@@ points trailing by of @@1@@ @@SEP@@ @@2@@ at halftime	How many points were the Bills trailing by at halftime?
0.027777777777777776	spheres @@SEP@@ cubes @@SEP@@ number of @@1@@ @@SEP@@ number of @@2@@ @@SEP@@ which is highest of @@3@@ , @@4@@	CLEVR_train_15593	False	spheres @@SEP@@ cubes @@SEP@@ number of @@1@@ @@SEP@@ number of @@2@@ @@SEP@@ which is there more @@3@@, @@4@@	are there more spheres or cubes in the image
None	the left image @@SEP@@ cups in @@1@@ @@SEP@@ @@2@@ that are solid white @@SEP@@ number of @@3@@ @@SEP@@ if @@4@@ is at least one @@SEP@@ the right image @@SEP@@ cups in @@6@@ @@SEP@@ @@7@@ that are solid white @@SEP@@ @@7@@ besides @@8@@ @@SEP@@ number of @@9@@ @@SEP@@ if @@10@@ is at least one @@SEP@@ if both @@5@@ and @@11@@ are true	NLVR2_train_train-3792-1-0	False	left image @@SEP@@ right image @@SEP@@ cups of @@1@@ @@SEP@@ cups of @@2@@ @@SEP@@ the number of @@3@@ @@SEP@@ the number of @@4@@ @@SEP@@ if @@5@@ is equal to @@6@@	If any cups in the left image are solid white and any cups in the right image are not solid white.
0.0	blue object @@SEP@@ @@1@@ that is large @@SEP@@ @@2@@ on the far left @@SEP@@ shape of @@3@@	CLEVR_train_15011	True	blue object @@SEP@@ @@1@@ that is large @@SEP@@ @@2@@ on the far left @@SEP@@ shape of @@3@@	What is the shape of the large blue object on the far left?
0.0	chris brown @@SEP@@ siblings of @@1@@	COMQA_train_cluster-661-4	True	chris brown @@SEP@@ siblings of @@1@@	siblings of chris brown?
0.7568542568542568	customers @@SEP@@ @@1@@ who have accounts @@SEP@@ full names of @@2@@	SPIDER_train_688	False	customers @@SEP@@ full names of @@1@@ @@SEP@@ ids of @@1@@ @@SEP@@ accounts of @@1@@ @@SEP@@ number of @@4@@ for each @@1@@ @@SEP@@ @@2@@, @@3@@, @@5@@	What are the full names of customers who have accounts?
None	the left image @@SEP@@ labradors in @@1@@ @@SEP@@ color of @@2@@ @@SEP@@ @@2@@ where @@3@@ is golden @@SEP@@ @@2@@ where @@3@@ is black @@SEP@@ number of @@4@@ @@SEP@@ number of @@5@@ @@SEP@@ if @@6@@ is equal to one @@SEP@@ if @@7@@ is equal to one @@SEP@@ if both @@8@@ and @@9@@ are true @@SEP@@ the right image @@SEP@@ labradors in @@11@@ @@SEP@@ @@12@@ that are puppies @@SEP@@ color of @@13@@ @@SEP@@ @@13@@ where @@14@@ is chocolate @@SEP@@ @@13@@ where @@14@@ is black @@SEP@@ @@15@@ , @@16@@ @@SEP@@ number of @@17@@ @@SEP@@ if @@18@@ is equal to two @@SEP@@ if both @@10@@ and @@19@@ are true	NLVR2_train_train-11127-0-1	False	one golden labrador @@SEP@@ one chocolate labrador @@SEP@@ number of @@2@@ @@SEP@@ if @@3@@ is equal to one @@SEP@@ one black labrador @@SEP@@ number of @@3@@ @@SEP@@ if @@4@@ is equal to two @@SEP@@ number of @@4@@ @@SEP@@ if @@5@@ is equal to one @@SEP@@ if both @@6@@ and @@9@@ is true	If the left image features one golden and one black colored labrador while the right image contains two chocolate or black lab puppies.
0.45999999999999996	the Broncos @@SEP@@ games lost of @@1@@ @@SEP@@ @@2@@ before playing the Giants	DROP_train_nfl_1440_df4f0270-686c-47cd-9dca-3b5b6a34267c	False	the Broncos @@SEP@@ games lost before playing the Giants @@SEP@@ number of @@2@@	How many games did the Broncos lose before playing the Giants?
0.06631393298059965	musician @@SEP@@ flute @@SEP@@ @@1@@ playing @@2@@ @@SEP@@ the number of @@3@@ @@SEP@@ if @@4@@ is at least one	NLVR2_train_train-1476-0-0	False	musicians @@SEP@@ flute @@SEP@@ @@1@@ that are playing @@2@@ @@SEP@@ number of @@3@@ @@SEP@@ If @@4@@ is equal to one	If at least one musician is playing the flute.
None	images @@SEP@@ ferrets in @@1@@ @@SEP@@ @@2@@ that are forward-turned @@SEP@@ number of @@3@@ for each @@1@@ @@SEP@@ @@1@@ where @@4@@ is equal to one @@SEP@@ number of @@5@@ @@SEP@@ number of @@1@@ @@SEP@@ if @@6@@ is equal to @@7@@ @@SEP@@ fur of @@2@@ @@SEP@@ @@2@@ where @@9@@ is solid-white @@SEP@@ number of @@10@@ @@SEP@@ if @@11@@ is at least one @@SEP@@ if both @@8@@ and @@12@@ are true	NLVR2_train_train-9990-2-0	False	images @@SEP@@ ferrets in @@1@@ @@SEP@@ number of @@2@@ @@SEP@@ if @@3@@ is solid-white @@SEP@@ number of @@4@@ @@SEP@@ if @@5@@ is solid-white @@SEP@@ number of @@1@@ @@SEP@@ if @@7@@ is solid-white @@SEP@@ number of @@2@@ @@SEP@@ if @@8@@ is solid-white @@SEP@@ number of @@3@@ @@SEP@@ if @@9@@ is solid-white @@SEP@@ number of @@4@@ @@SEP@@ if @@10@@ is solid-white @@SEP@@ number of @@1@@ @@SEP@@ if @@11@@ is solid-white @@SEP@@ number of @@2@@ @@SEP@@ if @@12@@ is solid-white @@SEP@@ number of @@3@@ @@SEP@@ if @@13@@ is solid-white @@SEP@@ number of @@4@@ @@SEP@@ if @@14@@ is solid-white @@SEP@@ number of @@1@@ @@SEP@@ if @@15@@ is solid-white @@SEP@@ number of @@2@@ @@SEP@@ if @@16@@ is solid-white @@SEP@@ number of @@3@@ @@SEP@@ if @@17@@ is solid-white @@SEP@@ number of @@4@@ @@SEP@@ if @@18@@ is solid-white @@SEP@@ number of @@1@@ @@SEP@@ if @@19@@ is solid-white @@SEP@@ number of @@2@@ @@SEP@@ if @@20@@ is solid-white @@SEP@@ number of @@3@@ @@SEP@@ if @@21@@ is solid-white @@SEP@@ number of @@4@@ @@SEP@@ if @@22@@ is solid-white @@SEP@@ number of @@1@@ @@SEP@@ if @@23@@ is solid-white @@SEP@@ number of @@2@@ @@SEP@@ if @@24@@ is solid-white @@SEP@@ number of @@3@@ @@SEP@@ if @@25@@ is solid-white @@SEP@@ number of @@4@@ @@SEP@@ if @@26@@ is solid-white @@SEP@@ number of @@1@@ @@SEP@@ if @@27@@ is solid-white @@SEP@@ number of @@2@@ @@SEP@@ if @@28@@ is solid-white @@SEP@@ number of @@3@@ @@SEP@@ if @@29@@ is solid-white @@SEP@@ number of @@4@@ @@SEP@@ if @@30@@	If each image shows a single forward-turned ferret, and at least one ferret has solid-white fur.
0.5675435675435676	right image @@SEP@@ flip phone in @@1@@ @@SEP@@ @@2@@ that is opened @@SEP@@ number of @@3@@ @@SEP@@ if @@4@@ is at least one	NLVR2_train_train-6333-3-1	False	the right image @@SEP@@ open flip phone of @@1@@ @@SEP@@ if @@2@@ is in the right image	If the right image shows an opened flip phone.
None	thing @@SEP@@ @@1@@ that is brown @@SEP@@ cube @@SEP@@ @@3@@ that is green @@SEP@@ @@4@@ that is rubber @@SEP@@ object @@SEP@@ @@6@@ that is next to @@5@@ @@SEP@@ shape of @@7@@ @@SEP@@ @@6@@ behind @@2@@ @@SEP@@ @@7@@ where shape is same as @@8@@ @@SEP@@ color of @@10@@	CLEVR_train_3812	False	the brown thing @@SEP@@ the object beside of @@1@@ @@SEP@@ the shape of @@1@@ @@SEP@@ the shapes of @@2@@ @@SEP@@ the @@2@@ where @@3@@ is the same as @@4@@ @@SEP@@ the color of @@5@@	What color is the object behind the brown thing and the same shape as the object next to the green rubber cube?
0.35833333333333334	flights @@SEP@@ @@1@@ from milwaukee @@SEP@@ @@2@@ to san francisco @@SEP@@ @@3@@ that are round trip @@SEP@@ price of @@4@@ @@SEP@@ @@4@@ where @@5@@ is lowest	ATIS_train_2176	False	flights @@SEP@@ @@1@@ from milwaukee @@SEP@@ @@2@@ to san francisco @@SEP@@ fares of @@3@@ @@SEP@@ the cheapest @@4@@	what is the cheapest way to travel round trip from milwaukee to san francisco 
0.11002093144950287	syria @@SEP@@ cities of @@1@@ @@SEP@@ @@2@@ that is the capital @@SEP@@ size of @@2@@ @@SEP@@ @@2@@ where @@4@@ is highest @@SEP@@ city in both @@3@@ and @@5@@	COMQA_train_cluster-1243-1	False	syria @@SEP@@ city of @@1@@ @@SEP@@ @@2@@ that is the capitol @@SEP@@ size of @@2@@ @@SEP@@ @@2@@ where @@4@@ is the largest @@SEP@@ @@2@@ in both @@3@@ and @@5@@	what is the capital and largest city in syria?
0.6763220439691028	objects @@SEP@@ @@1@@ that are matte @@SEP@@ cubes @@SEP@@ @@3@@ that are gold @@SEP@@ @@2@@ that are to the left of @@4@@ @@SEP@@ color of @@5@@	CLEVR_train_6808	False	the matte object @@SEP@@ the object to the left of @@1@@ @@SEP@@ color of @@2@@	What color is the matte object located to the left of the gold cube?
0.4791666666666667	objects @@SEP@@ @@1@@ that is shortest @@SEP@@ color of @@2@@	CLEVR_train_2512	False	objects @@SEP@@ the shortness of @@1@@ @@SEP@@ @@1@@ where @@2@@ is the smallestt @@SEP@@ the color of @@3@@	What is the color of the shortest object?
0.5497863247863248	students @@SEP@@ positions @@1@@ successfully tried out for @@SEP@@ @@1@@ where @@2@@ is striker @@SEP@@ the names of @@3@@	SPIDER_train_5007	False	students @@SEP@@ @@1@@ who successfully tried out for striker position @@SEP@@ @@1@@ of both @@2@@ and @@3@@ @@SEP@@ names of @@4@@ @@SEP@@ @@1@@ of both @@3@@ and @@5@@ @@SEP@@ names of @@6@@	What are the names of all students who successfully tried out for the position of striker?
0.3136363636363636	campus fees @@SEP@@ @@1@@ of San Jose University @@SEP@@ @@2@@ in year 1996	SPIDER_train_2336	False	San Jose State University @@SEP@@ campus fees of @@1@@ @@SEP@@ @@2@@ in year 1996	What is the campus fee of "San Jose State University" in year 1996?
0.5166666666666667	presidents of the us @@SEP@@ forty four of @@1@@	COMQA_train_cluster-121-4	False	the us @@SEP@@ presidents of @@1@@ @@SEP@@ the forty four of @@2@@	who is forty four president of the us?
0.14857142857142858	graduates @@SEP@@ number of @@1@@ @@SEP@@ if @@2@@ is at most 3	NLVR2_train_train-11929-1-1	False	graduation students @@SEP@@ number of @@1@@ @@SEP@@ if @@2@@ is at most three	If there are no more than 3 graduates pictured.
0.2409090909090909	cities @@SEP@@ @@1@@ of the united states @@SEP@@ major @@2@@	GEO_train_369	False	cities @@SEP@@ @@1@@ in the us @@SEP@@ @@2@@ that are major	what are the major cities of the united states 
0.4630681818181818	flights @@SEP@@ destinations of @@1@@ @@SEP@@ @@1@@ where @@2@@ is Honolulu @@SEP@@ origins of @@3@@	SPIDER_train_387	False	flights @@SEP@@ @@1@@ headed to Honolulu @@SEP@@ origins of @@2@@	Show origins of all flights with destination Honolulu.
0.639010989010989	the alliance @@SEP@@ men in @@1@@ @@SEP@@ Brandenburg @@SEP@@ men in @@3@@ @@SEP@@ number of @@2@@ @@SEP@@ number of @@4@@ @@SEP@@ which is highest of @@5@@ , @@6@@	DROP_train_history_1338_b5a02eb3-b8a6-42e9-9bc8-89805b771072	False	the alliance @@SEP@@ the Brandenburg @@SEP@@ the alliance @@SEP@@ the Brandenburg @@SEP@@ the alliance @@SEP@@ the Brandenburg @@SEP@@ the alliance @@SEP@@ which is highest of @@3@@, @@4@@	Which had more men, the alliance or Brandenburg?
0.7908496732026143	blue objects @@SEP@@ red matte thing @@SEP@@ are there any @@1@@ larger than @@2@@	CLEVR_train_6568	False	objects @@SEP@@ @@1@@ that are blue @@SEP@@ @@2@@ that are large @@SEP@@ @@1@@ that are larger than @@2@@ @@SEP@@ @@1@@ that are larger than @@3@@ @@SEP@@ @@1@@ that are larger than @@4@@ @@SEP@@ if @@6@@ is larger than @@7@@	Are there any blue objects larger than the red matte thing?
0.20757020757020758	objects @@SEP@@ big cylinder @@SEP@@ shape of @@1@@ @@SEP@@ shape of @@2@@ @@SEP@@ @@1@@ where @@3@@ is the same as @@4@@ @@SEP@@ color of @@5@@	CLEVR_train_5123	False	the big cylinder @@SEP@@ objects besides @@1@@ @@SEP@@ color of @@1@@ @@SEP@@ colors of @@2@@ @@SEP@@ @@2@@ where @@3@@ is the same as @@4@@ @@SEP@@ the color of @@5@@	What is the color of the object that has the same shape as the big cylinder?
0.569047619047619	Pittsburgh @@SEP@@ TD plays of @@1@@ @@SEP@@ longest of @@2@@ @@SEP@@ who scored @@3@@	DROP_train_nfl_1619_f32e7dae-c987-4742-8d8c-3989e12aff7c	False	the longest of @@1@@ @@SEP@@ the longest of @@1@@ @@SEP@@ who scored @@2@@	Who scored the longest TD play for Pittsburgh?
0.38945578231292516	red cube @@SEP@@ object to the right of @@1@@ @@SEP@@ shape of @@2@@	CLEVR_train_6389	False	the red cube @@SEP@@ objects @@SEP@@ @@2@@ that are to the right of @@1@@ @@SEP@@ the shape of @@3@@	What is the shape of the object to the right of the red cube?
0.5871794871794872	the Chiefs @@SEP@@ rushing yards of @@1@@ @@SEP@@ sum of @@2@@ @@SEP@@ the season average of rushing yards of @@1@@ @@SEP@@ the difference of @@3@@ and @@4@@	DROP_train_nfl_2499_587ce58f-a842-47c8-807f-df2d61b9db3b	False	the Chiefs @@SEP@@ yards below their season average of @@1@@ @@SEP@@ the number of @@2@@	How many rushing yards below their season average did the Chiefs run for?
None	schools @@SEP@@ apartments of @@1@@ @@SEP@@ number of @@2@@ for each @@1@@ @@SEP@@ @@1@@ where @@3@@ is lower than 5 @@SEP@@ departments of @@4@@ @@SEP@@ different @@5@@ @@SEP@@ number of @@6@@	SPIDER_train_3198	False	schools @@SEP@@ departments in @@1@@ @@SEP@@ number of @@2@@ for each @@1@@ that have less than 5 apartments @@SEP@@ number of @@3@@ for each @@1@@ that have less than 5 apartments @@SEP@@ number of @@4@@ for each @@1@@ that have less than 5 apartments @@SEP@@ number of @@5@@ for each @@1@@ that have less than 5 apartments @@SEP@@ number of @@6@@ for each @@1@@ that have less than 5 apartments @@SEP@@ number of @@7@@ for each @@1@@ that have less than 5 apartments @@SEP@@ number of @@8@@ for each @@1@@ that have less than 5 apartments @@SEP@@ number of @@9@@ for each @@1@@ that have less than 5 apartments @@SEP@@ number of @@10@@ for each @@1@@ that have less than 5 apartments @@SEP@@ number of @@11@@ for each @@1@@ that have less than 5 apartments @@SEP@@ number of @@12@@ for each @@1@@ that have less than 5 apartments @@SEP@@ number of @@13@@ for each @@1@@ that have less than 5 apartments @@SEP@@ number of @@14@@ for each @@1@@ that have less than 5 apartments @@SEP@@ number of @@15@@ for each @@1@@ that have less than 5 apartments @@SEP@@ number of @@16@@ for each @@1@@ that have less than 5 apartments @@SEP@@ number of @@17@@ for each @@1@@ that have less than 5 apartments @@SEP@@ number of @@18@@ for each @@1@@ that have less than 5 apartments @@SEP@@ number of @@19@@ for each @@1@@ that have less than 5 apartments @@SEP@@ number of @@20@@ for each @@1@@ that have less than 5 apartments @@SEP@@ number of @@21@@ for each @@1@@ that have less than 5 apartments @@SEP@@ number of @@22@@ for each @@1@@ that have less than 5 apartments @@SEP@@ number of @@23@@ for each @@1@@ that have less than 5 apartments @@SEP@@ number of @@24@@ for each @@1@@ that have less than 5 apartments @@SEP@@ number of @@25@@ for each @@1@@ that have less than 5 apartments @@SEP@@ number of @@26@@ for each @@1@@ that have less than 5 apartments @@SEP@@ number of @@27@@ for each @@1@@ that have less than 5 apartments @@SEP@@ number of @@28@@ for each @@1@@ that have less than 5 apartments @@SEP@@ number of @@29@@ for each @@1@@ that have less than 5 apartments @@SEP@@ number of @@30@@ for each @@1@@ that have less than 5 apartments @@SEP@@ number of	How many different departments are there in each school that has less than 5 apartments?
0.494949494949495	the missouri river @@SEP@@ states that @@1@@ pass through	GEO_train_52	False	states @@SEP@@ @@1@@ with missouri river	which states does the missouri river pass through 
0.4277777777777778	objects @@SEP@@ brown cylinder @@SEP@@ @@1@@ blocked by @@2@@ @@SEP@@ colors of @@1@@ @@SEP@@ color of @@3@@ @@SEP@@ @@1@@ where @@4@@ is the same as @@5@@ @@SEP@@ shape of @@6@@	CLEVR_train_3111	False	cylinder @@SEP@@ object @@SEP@@ brown cylinder @@SEP@@ @@1@@ that is the same color as @@2@@ @@SEP@@ @@1@@ that is partially blocking @@3@@ @@SEP@@ shape of @@4@@	What shape is the object that is the same color as the object blocked by a brown cylinder?
0.3057692307692308	students @@SEP@@ @@1@@ who registered for course 301 @@SEP@@ @@2@@ most recently @@SEP@@ ids of @@3@@	SPIDER_train_90	False	students @@SEP@@ courses @@1@@ most recently registered @@SEP@@ @@1@@ where @@2@@ is 301 @@SEP@@ ids of @@3@@	What are the ids of the students who registered for course 301 most recently?
None	people @@SEP@@ @@1@@ that have American ancestry @@SEP@@ @@1@@ that have French descent @@SEP@@ @@1@@ that have Italian descent @@SEP@@ number of @@2@@ @@SEP@@ number of @@3@@ @@SEP@@ number of @@4@@ @@SEP@@ sum of @@6@@ and @@7@@ @@SEP@@ the difference of @@5@@ and @@8@@	DROP_train_history_2800_7a5058f0-eddb-4339-815b-7c1abc25c8ec	False	the 2000 census @@SEP@@ people of @@1@@ @@SEP@@ @@2@@ that were of @@1@@ @@SEP@@ @@2@@ that were of @@1@@ @@SEP@@ number of @@3@@ @@SEP@@ number of @@4@@ @@SEP@@ which is highest of @@5@@, @@6@@	How many more people were of American ancestry compared to those of either French or Italian descent?
0.028571428571428564	flights @@SEP@@ @@1@@ from charlotte @@SEP@@ @@2@@ to long beach @@SEP@@ @@3@@ arriving after lunch time	ATIS_train_792	False	flights @@SEP@@ @@1@@ from charlotte @@SEP@@ @@2@@ to long beach @@SEP@@ @@3@@ after lunch	please list the flights from charlotte to long beach arriving after lunch time 
0.05714285714285715	flights @@SEP@@ @@1@@ from boston @@SEP@@ @@2@@ to pittsburgh @@SEP@@ @@3@@ that is the cheapest	ATIS_train_2819	True	flights @@SEP@@ @@1@@ from boston @@SEP@@ @@2@@ to pittsburgh @@SEP@@ the cheapest @@3@@	i'd like to go from boston to pittsburgh to find the cheapest flight 
0.4522845575477154	objects @@SEP@@ @@1@@ in a line @@SEP@@ @@2@@ on the right side of the screen @@SEP@@ number of @@3@@	CLEVR_train_11014	False	objects @@SEP@@ @@1@@ that are in a line on the right side of the screen @@SEP@@ number of @@2@@	how many objects are in a line on the right side of the screen?
0.4241702741702742	dog @@SEP@@ collar of @@1@@ @@SEP@@ @@2@@ that is visible @@SEP@@ @@1@@ that has @@3@@ @@SEP@@ @@1@@ besides @@4@@ @@SEP@@ number of @@5@@ @@SEP@@ if @@6@@ is at least one	NLVR2_train_train-10445-1-0	False	dog @@SEP@@ @@1@@ with no collar @@SEP@@ @@1@@ besides @@2@@ @@SEP@@ @@1@@ that is not wearing @@3@@ @@SEP@@ number of @@4@@ @@SEP@@ if @@5@@ is at least one	If at least one dog has no visible collar on.
0.4906593406593407	snow plow @@SEP@@ snow @@SEP@@ @@1@@ not pushing @@2@@ @@SEP@@ if @@3@@ is in one of the images	NLVR2_train_train-7230-2-0	False	snow plow @@SEP@@ the snowplow in @@1@@ @@SEP@@ if @@2@@ is not pushing @@3@@ @@SEP@@ number of @@3@@ @@SEP@@ if @@4@@ is not pushing	If in one of the images, the snow plow is not pushing snow.
0.3	countries @@SEP@@ @@1@@ where Dreher Classic beer is made @@SEP@@ currency of @@2@@	CWQ_train_WebQTrn-1699_7f2874d47e29b725668c81e6a73e86ff	False	Dreher Classic beer @@SEP@@ country of @@1@@ @@SEP@@ currency of @@2@@	What currency is used in the country where Dreher Classic beer is made?
0.36666666666666664	flight @@SEP@@ @@1@@ that is earliest @@SEP@@ @@2@@ on eastern @@SEP@@ @@3@@ between boston and washington	ATIS_train_3536	False	flights @@SEP@@ @@1@@ on eastern airlines @@SEP@@ @@2@@ between boston @@SEP@@ @@3@@ and washington @@SEP@@ are there any @@4@@	what is the earliest flight that eastern has between boston and washington 
0.29090909090909095	france @@SEP@@ points of elevation of @@1@@ @@SEP@@ height of @@2@@ @@SEP@@ @@2@@ where @@3@@ is highest	COMQA_train_cluster-735-1	False	france @@SEP@@ points of @@1@@ @@SEP@@ height of @@2@@ @@SEP@@ @@2@@ where @@3@@ is highest @@SEP@@ @@4@@, @@5@@	highest point of elevation in france?
0.022222222222222233	jazz tracks @@SEP@@ prices of @@1@@ @@SEP@@ average of @@2@@	SPIDER_train_844	False	jazz tracks @@SEP@@ unit prices of @@1@@ @@SEP@@ average of @@2@@	Find the average unit price of jazz tracks.
0.15428571428571428	Finland 's Declaration of Independence @@SEP@@ days that it take for Parliament to accept @@1@@ @@SEP@@ number of @@2@@	DROP_train_history_535_dd62240c-1022-42cf-ba24-8461ec227b0b	False	Parliament to accept Finland's Declaration of Independence @@SEP@@ days of @@1@@ @@SEP@@ number of @@2@@	How many days did it take for Parliament to accept Finland's Declaration of Independence?
0.36713286713286714	customers @@SEP@@ products @@1@@ ordered @@SEP@@ @@1@@ where @@2@@ is Latte @@SEP@@ @@1@@ besides @@3@@ @@SEP@@ names of @@4@@	SPIDER_train_6138	False	customers @@SEP@@ @@1@@ who never ordered product Latte @@SEP@@ @@1@@ besides @@2@@ @@SEP@@ names of @@3@@	What are names of customers who never ordered product Latte.
0.5833333333333333	users @@SEP@@ names of @@1@@ @@SEP@@ reviews of @@1@@ @@SEP@@ ratings of @@3@@ @@SEP@@ the average of @@4@@ for each @@1@@ @@SEP@@ @@2@@ , @@5@@	SPIDER_train_1709	False	users @@SEP@@ reviews @@SEP@@ average of @@2@@ @@SEP@@ average of @@3@@ @@SEP@@ @@4@@, @@5@@	For each user, return the name and the average rating of reviews given by them.
0.4909090909090909	airlines @@SEP@@ @@1@@ represented in the database	ATIS_train_1293	False	airlines @@SEP@@ airlines represented in @@1@@ @@SEP@@ @@1@@	which airlines are represented in the database 
0.5489583333333333	someone @@SEP@@ hat @@SEP@@ @@1@@ wearing @@2@@ @@SEP@@ images @@SEP@@ @@4@@ of @@3@@ @@SEP@@ the number of @@4@@ @@SEP@@ the number of @@5@@ @@SEP@@ if @@6@@ is equal to @@7@@	NLVR2_train_train-3358-2-0	False	person @@SEP@@ hat @@SEP@@ @@1@@ that is wearing @@2@@ @@SEP@@ number of @@3@@ @@SEP@@ if @@4@@ is at least one	If someone is wearing a hat in both images.
0.4758827773533656	bottle of perfume @@SEP@@ images @@SEP@@ center of @@2@@ @@SEP@@ @@1@@ that is being displayed in @@3@@ @@SEP@@ number of @@4@@ for each @@2@@ @@SEP@@ @@2@@ where @@5@@ is at least one @@SEP@@ number of @@6@@ @@SEP@@ if @@7@@ is equal to two	NLVR2_train_train-1329-2-1	False	images @@SEP@@ perfume bottles in @@1@@ @@SEP@@ @@2@@ that are displayed in the center @@SEP@@ number of @@3@@ for each @@1@@ @@SEP@@ sum of @@4@@ @@SEP@@ if @@5@@ is at least one	If there is at least one bottle of perfume being displayed in the center of both images.
0.0	the Irish Famine @@SEP@@ the Great Famine @@SEP@@ when was @@1@@ @@SEP@@ when was @@2@@ @@SEP@@ which is lowest of @@3@@ , @@4@@	DROP_train_history_736_2ef5850c-e7c1-483e-a350-3ceb3dddc91b	True	the Irish Famine @@SEP@@ the Great Famine @@SEP@@ when was @@1@@ @@SEP@@ when was @@2@@ @@SEP@@ which is lowest of @@3@@, @@4@@	Which happened first, the Irish Famine or the Great Famine?
0.5955555555555556	red items @@SEP@@ number of @@1@@	CLEVR_train_6728	True	items @@SEP@@ @@1@@ that are red @@SEP@@ number of @@2@@	how many red items are there? 
None	one image @@SEP@@ the other image @@SEP@@ wind instruments in @@1@@ @@SEP@@ wind instruments in @@2@@ @@SEP@@ number of @@3@@ @@SEP@@ number of @@4@@ @@SEP@@ if @@5@@ is equal to three @@SEP@@ if @@6@@ is equal to five @@SEP@@ if both @@7@@ and @@8@@ are true	NLVR2_train_train-11171-0-1	False	one image @@SEP@@ instruments in @@1@@ @@SEP@@ @@2@@ that are wind instruments @@SEP@@ number of @@3@@ @@SEP@@ if @@4@@ is equal to five @@SEP@@ the other image @@SEP@@ instruments in @@6@@ @@SEP@@ @@7@@ that are wind instruments @@SEP@@ number of @@8@@ @@SEP@@ if @@9@@ is at least one @@SEP@@ if both @@5@@ and @@10@@ are true	If one image contains exactly three wind instruments and the other contains exactly five.
0.0	objects @@SEP@@ yellow ball @@SEP@@ @@1@@ to the left of @@2@@ @@SEP@@ shape of @@3@@	CLEVR_train_1115	True	objects @@SEP@@ yellow ball @@SEP@@ @@1@@ to the left of @@2@@ @@SEP@@ shape of @@3@@	What is the shape of the object to the left of the yellow ball?
0.4002886002886003	the This Is It Tour @@SEP@@ artist of @@1@@ @@SEP@@ characters played by @@2@@ @@SEP@@ @@3@@ in The Wiz	CWQ_train_WebQTrn-3147_cbe0b2e42bd644732f31cbd57e534e85	False	This Is It tour @@SEP@@ the artist of @@1@@ @@SEP@@ the character of @@2@@	In "The Wiz," what character was played by the artist who went on a concert tour called This Is It Tour?
0.0	the Portuguese revolution @@SEP@@ the Treaty of Lisbon @@SEP@@ when was @@1@@ @@SEP@@ when was @@2@@ @@SEP@@ which is lowest of @@3@@ , @@4@@	DROP_train_history_1197_c915969d-bf34-4b60-8770-007fa135ec46	True	the Portuguese revolution @@SEP@@ the Treaty of Lisbon @@SEP@@ when was @@1@@ @@SEP@@ when was @@2@@ @@SEP@@ which is lowest of @@3@@, @@4@@	What happened first: Portuguese revolution or the Treaty of Lisbon?
None	members @@SEP@@ @@1@@ from Kentucky @@SEP@@ card numbers of @@2@@	SPIDER_train_5443	False	card numbers of @@1@@ @@SEP@@ card numbers of @@1@@ @@SEP@@ card numbers of @@1@@ @@SEP@@ card numbers of @@1@@ @@SEP@@ card numbers of @@1@@ @@SEP@@ card numbers of @@1@@ @@SEP@@ card numbers of @@1@@ @@SEP@@ card numbers of @@1@@ @@SEP@@ card numbers of @@1@@ @@SEP@@ card numbers of @@1@@ @@SEP@@ card numbers of @@1@@ @@SEP@@ card numbers of @@1@@ @@SEP@@ card numbers of @@1@@ @@SEP@@ card numbers of @@1@@ @@SEP@@ card numbers of @@1@@ @@SEP@@ card numbers of @@1@@ @@SEP@@ card numbers of @@1@@ @@SEP@@ card numbers of @@1@@ @@SEP@@ card numbers of @@1@@ @@SEP@@ card numbers of @@1@@ @@SEP@@ card numbers of @@1@@ @@SEP@@ card numbers of @@1@@ @@SEP@@ card numbers of @@1@@ @@SEP@@ card numbers of @@1@@ @@SEP@@ card numbers of @@1@@ @@SEP@@ card numbers of @@1@@ @@SEP@@ card numbers of @@1@@ @@SEP@@ card numbers of @@1@@ @@SEP@@ card numbers of @@1@@ @@SEP@@ card numbers of @@1@@ @@SEP@@ card numbers of @@1@@ @@SEP@@ card numbers of @@1@@ @@SEP@@ card numbers of @@1@@ @@SEP@@ card numbers of @@1@@ @@SEP@@ card numbers of @@1@@ @@SEP@@ card numbers of @@1@@ @@SEP@@ card numbers of @@1@@ @@SEP@@ card numbers of @@1@@ @@SEP@@ card numbers of @@1@@ @@SEP@@ card numbers of @@1@@ @@SEP@@ card numbers of @@1@@ @@SEP@@ card numbers of @@1@@ @@SEP@@ card numbers of @@1@@ @@SEP@@ card numbers of @@1@@ @@SEP@@ card numbers of @@1@@ @@SEP@@ card numbers of @@1@@ @@SEP@@ card numbers of @@1@@ @@SEP@@ card numbers of @@1@@ @@SEP@@ card numbers of @@1@@ @@SEP@@ card numbers of @@1@@ @@SEP@@ card numbers of @@1@@ @@SEP@@ card numbers of @@1@@ @@SEP@@ card numbers of @@1@@ @@SEP@@ card numbers of @@1@@ @@SEP@@ card numbers of @@1@@ @@SEP@@ card numbers of @@1@@ @@SEP@@ card numbers of @@1@@ @@SEP@@ card numbers of @@1@@ @@SEP@@ card	What are the card numbers of members from Kentucky?
0.6368253968253968	perpetrators @@SEP@@ countries of @@1@@ @@SEP@@ number of @@1@@ for each @@2@@ @@SEP@@ @@2@@ , @@3@@	SPIDER_train_2315	False	countries @@SEP@@ perpetrators of @@1@@ @@SEP@@ number of @@2@@ for each @@1@@ @@SEP@@ @@1@@ where @@3@@ is highest @@SEP@@ @@1@@ where @@3@@ is lowest @@SEP@@ @@4@@, @@5@@	What are the countries of perpetrators? Show each country and the corresponding number of perpetrators there.
0.7366666666666667	large objects @@SEP@@ matte spheres @@SEP@@ are all of @@1@@ the same as @@2@@	CLEVR_train_6457	False	objects @@SEP@@ @@1@@ that are large @@SEP@@ if all @@2@@ are matte	Are all of the large objects matte spheres?
0.6670829170829171	people @@SEP@@ @@1@@ living in poverty @@SEP@@ @@2@@ in 2014 @@SEP@@ @@2@@ in 2015 @@SEP@@ percentage of @@3@@ @@SEP@@ percentage of @@4@@ @@SEP@@ the difference of @@6@@ and @@5@@	DROP_train_history_2421_80b1587f-f90c-4076-b557-52a0c2d98fc1	False	the number of people living in poverty @@SEP@@ @@1@@ in 2014 @@SEP@@ @@1@@ in 2015 @@SEP@@ the difference of @@2@@ and @@3@@	Buy how many percentages did the number of people living in poverty go up from 2014 2015?
0.637037037037037	the blue thing @@SEP@@ things @@SEP@@ @@2@@ that are to the right of @@1@@ @@SEP@@ the colors of @@3@@ @@SEP@@ if @@4@@ are the same	CLEVR_train_16126	False	the blue thing @@SEP@@ @@1@@ that are the same @@SEP@@ @@2@@ that are the same @@SEP@@ the same @@SEP@@ the same @@SEP@@ if @@5@@ is the same	Is everything to the right of the blue thing the same color?
0.5520833333333333	students @@SEP@@ personal names of @@1@@ @@SEP@@ @@1@@ where @@2@@ has son @@SEP@@ number of @@3@@	SPIDER_train_3793	False	students @@SEP@@ @@1@@ where @@2@@ contain son @@SEP@@ number of @@2@@	Find the number of students who have the word "son" in their personal names.
0.29259259259259257	document types @@SEP@@ descriptions of @@1@@ @@SEP@@ @@2@@ where @@1@@ is 'Paper	SPIDER_train_2101	False	document @@SEP@@ description of @@1@@ @@SEP@@ @@2@@	What is the description of document type 'Paper'?
0.42500000000000004	blue thing @@SEP@@ objects besides @@1@@ @@SEP@@ @@2@@ behind @@1@@ @@SEP@@ number of @@3@@	CLEVR_train_922	False	objects @@SEP@@ @@1@@ that are behind @@2@@ @@SEP@@ number of @@3@@	how many objects are behind the blue thing?
0.2508503401360544	birds @@SEP@@ pictures @@SEP@@ number of @@1@@ for each @@2@@ @@SEP@@ @@2@@ where @@3@@ is lower than five @@SEP@@ number of @@4@@ @@SEP@@ if @@5@@ is equal to one	NLVR2_train_train-11075-1-1	False	images @@SEP@@ birds in @@1@@ @@SEP@@ number of @@2@@ for each @@1@@ @@SEP@@ @@1@@ where @@3@@ is less than five @@SEP@@ number of @@4@@ @@SEP@@ if @@5@@ is equal to @@6@@	If there are less than five birds in one of the pictures.
0.8125	field goals @@SEP@@ @@1@@ that were made @@SEP@@ @@1@@ that missed @@SEP@@ number of @@2@@ @@SEP@@ number of @@3@@ @@SEP@@ sum of @@4@@ and @@5@@	DROP_train_nfl_567_66ebd016-9b39-4dd7-9300-67097070cf5e	False	field goals @@SEP@@ number of @@1@@	How many total field goals were attempted, both made and missed?
0.07407407407407411	non metallic cube @@SEP@@ color of @@1@@	CLEVR_train_14192	False	the non metallic cube @@SEP@@ the color of @@1@@	what color is the non metallic cube
0.396126443001443	left image @@SEP@@ right image @@SEP@@ pillows of @@1@@ @@SEP@@ pillows of @@2@@ @@SEP@@ the number of @@3@@ @@SEP@@ the number of @@4@@ @@SEP@@ if @@5@@ is higher than @@6@@	NLVR2_train_train-5590-0-1	False	the left image @@SEP@@ pillows in @@1@@ @@SEP@@ the number of @@2@@ @@SEP@@ if @@3@@ is higher than @@4@@ @@SEP@@ the number of @@1@@ @@SEP@@ difference of @@5@@ and @@6@@ @@SEP@@ if @@6@@ is higher than @@7@@	If there are more pillows in the image on the left than in the image on the right.
0.2549707602339181	Saint Jean de Brbeuf was beatified @@SEP@@ he was canonized as a saint in the Roman Catholic Church @@SEP@@ year of @@1@@ @@SEP@@ year of @@2@@ @@SEP@@ difference of @@3@@ and @@4@@	DROP_train_history_802_1ade1e27-a8a4-4839-81cb-12f27df8017d	False	Saint Jean de Brbeuf was beatified @@SEP@@ Saint Jean de Brbeuf was canonized @@SEP@@ year of @@1@@ @@SEP@@ year of @@2@@ @@SEP@@ year of @@3@@	How many years after Saint Jean de Brbeuf was beatified was he canonized as a saint in the Roman Catholic Church?
None	left image @@SEP@@ dog in @@1@@ @@SEP@@ number of @@2@@ @@SEP@@ if @@3@@ is equal to one @@SEP@@ @@2@@ that is a spaniel @@SEP@@ @@5@@ that is chocolate-brown @@SEP@@ leash in @@1@@ @@SEP@@ neck of @@6@@ @@SEP@@ if @@7@@ is extending from @@8@@ @@SEP@@ if both @@4@@ and @@9@@ are true	NLVR2_train_train-6474-1-1	False	the image on the left @@SEP@@ the dog in @@1@@ @@SEP@@ the leash in @@1@@ @@SEP@@ the chocolate-brown spaniel in @@1@@ @@SEP@@ the leash in @@1@@ @@SEP@@ the chocolate-brown spaniel in @@1@@ @@SEP@@ the chocolate-brown spaniel in @@1@@ @@SEP@@ the chocolate-brown spaniel in @@1@@ @@SEP@@ the chocolate-brown spaniel in @@1@@ @@SEP@@ the chocolate-brown spaniel in @@1@@ @@SEP@@ the chocolate-brown spaniel in @@1@@ @@SEP@@ the chocolate-brown spaniel in @@1@@ @@SEP@@ the chocolate-brown spaniel in @@1@@ @@SEP@@ the chocolate-brown spaniel in @@1@@ @@SEP@@ the chocolate-brown spaniel in @@1@@ @@SEP@@ the chocolate-brown spaniel in @@1@@ @@SEP@@ the chocolate-brown spaniel in @@1@@ @@SEP@@ the chocolate-brown spaniel in @@1@@ @@SEP@@ the chocolate-brown spaniel in @@1@@ @@SEP@@ the chocolate-brown spaniel in @@1@@ @@SEP@@ the chocolate-brown spaniel in @@1@@ @@SEP@@ the chocolate-brown spaniel in @@1@@ @@SEP@@ the chocolate-brown spaniel in @@1@@ @@SEP@@ the chocolate-brown spaniel in @@1@@ @@SEP@@ the chocolate-brown spaniel in @@1@@ @@SEP@@ the chocolate-brown spaniel in @@1@@ @@SEP@@ the chocolate-brown spaniel in @@1@@ @@SEP@@ the chocolate-brown spaniel in @@1@@ @@SEP@@ the chocolate-brown spaniel in @@1@@ @@SEP@@ the chocolate-brown spaniel in @@1@@ @@SEP@@ the chocolate-brown spaniel in @@1@@ @@SEP@@ the chocolate-brown spaniel in @@1@@ @@SEP@@ the chocolate-brown spaniel in @@1@@ @@SEP@@ the chocolate-brown spaniel in @@1@@ @@SEP@@ the chocolate-brown spaniel in @@1@@ @@SEP@@ the chocolate-brown spaniel in @@1@@ @@SEP@@ the chocolate-brown spaniel in #	If the left image contains one dog, a chocolate-brown spaniel with a leash extending from its neck.
0.021296296296296296	the Tready of Edinburgh-Northampton was signed @@SEP@@ Edward II of England was deposed @@SEP@@ year of @@1@@ @@SEP@@ year of @@2@@ @@SEP@@ difference of @@3@@ and @@4@@	DROP_train_history_569_338e9167-b002-486b-9a30-32c9f331627a	False	the Tready of Edinburgh-Northampton @@SEP@@ the Edward II of England was deposed @@SEP@@ year of @@1@@ @@SEP@@ year of @@2@@ @@SEP@@ difference of @@3@@ and @@4@@	How many years was it between when the Tready of Edinburgh-Northampton was signed and when Edward II of England was deposed?
0.4714285714285714	VLDB conference @@SEP@@ papers published in @@1@@ @@SEP@@ @@2@@ before 2000 @@SEP@@ number of @@3@@	ACADEMIC_train_120	False	papers @@SEP@@ @@1@@ published in the VLDB conference @@SEP@@ number of @@2@@ before 2000	return me the number of papers published in the VLDB conference before 2000 . 
0.5583333333333333	northern ireland @@SEP@@ rivers of @@1@@ @@SEP@@ longness of @@2@@ @@SEP@@ @@2@@ where @@3@@ is highest @@SEP@@ name of @@4@@	COMQA_train_cluster-15-5	False	northren ireland @@SEP@@ rivers of @@1@@ @@SEP@@ longest of @@2@@	what is the name of the longest river in northern ireland?
0.41818181818181815	flights @@SEP@@ @@1@@ from atlanta @@SEP@@ @@2@@ to denver @@SEP@@ @@3@@ on may seventh @@SEP@@ fares of @@4@@ @@SEP@@ @@5@@ that is the lowest	ATIS_train_1642	False	flights @@SEP@@ @@1@@ from atlanta @@SEP@@ @@2@@ to denver @@SEP@@ @@3@@ that is lowest	give me the lowest fare from atlanta to denver on may seventh please 
0.0	Bob @@SEP@@ friends of @@1@@ @@SEP@@ names of @@2@@	SPIDER_train_4454	True	Bob @@SEP@@ friends of @@1@@ @@SEP@@ names of @@2@@	Find the name of persons who are friends with Bob.
0.3506944444444445	people @@SEP@@ height of @@1@@ @@SEP@@ average of @@2@@ @@SEP@@ @@1@@ where @@2@@ is less than @@3@@ @@SEP@@ names of @@4@@	SPIDER_train_2431	False	people @@SEP@@ the average of @@1@@ @@SEP@@ @@1@@ where @@2@@ is shorter than @@3@@ @@SEP@@ @@2@@ or @@3@@ @@SEP@@ names of @@4@@	What are the names of people who are shorter than average?
0.45044091710758377	the right image @@SEP@@ convertible vehicles in @@1@@ @@SEP@@ number of @@2@@ @@SEP@@ if @@3@@ is equal to two	NLVR2_train_train-9408-3-0	False	convertible @@SEP@@ @@1@@ that are convertible @@SEP@@ @@2@@ that are convertible @@SEP@@ the number of @@3@@ @@SEP@@ if @@4@@ is equal to two	If the right image contains two convertible vehicles.
0.7222222222222222	objects @@SEP@@ @@1@@ that is green @@SEP@@ @@1@@ besides @@2@@ @@SEP@@ shape of @@2@@ @@SEP@@ shapes of @@3@@ @@SEP@@ @@3@@ where @@4@@ is the same as @@5@@ @@SEP@@ number of @@6@@ @@SEP@@ if @@7@@ is higher than zero	CLEVR_train_989	False	object @@SEP@@ @@1@@ that is green @@SEP@@ shape of @@2@@	Is there a shape that is the same as the green object?
0.0	flights @@SEP@@ @@1@@ from baltimore @@SEP@@ @@2@@ to seattle	ATIS_train_33	True	flights @@SEP@@ @@1@@ from baltimore @@SEP@@ @@2@@ to seattle	i need a flight from baltimore to seattle 
0.0	candidates @@SEP@@ support rates of @@1@@ @@SEP@@ consider rates of @@1@@ @@SEP@@ oppose rates of @@1@@ @@SEP@@ unsure rates of @@1@@ @@SEP@@ @@2@@ , @@3@@ , @@4@@ @@SEP@@ @@6@@ sorted by @@5@@ in ascending order	SPIDER_train_2402	True	candidates @@SEP@@ support rates of @@1@@ @@SEP@@ consider rates of @@1@@ @@SEP@@ oppose rates of @@1@@ @@SEP@@ unsure rates of @@1@@ @@SEP@@ @@2@@, @@3@@, @@4@@ @@SEP@@ @@6@@ sorted by @@5@@ in ascending order	Please list support, consider, and oppose rates for each candidate in ascending order by unsure rate.
0.58642266824085	invoices @@SEP@@ products of @@1@@ @@SEP@@ number of @@1@@ for each @@2@@ @@SEP@@ @@2@@ where @@3@@ is the highest @@SEP@@ id of @@4@@	SPIDER_train_5169	False	item @@SEP@@ @@1@@ on invoices @@SEP@@ @@2@@ that is most frequently ordered @@SEP@@ product ID of @@3@@	Find the id of the product ordered the most often on invoices.
0.40561167227833894	flights @@SEP@@ @@1@@ from boston @@SEP@@ @@2@@ to san francisco @@SEP@@ @@3@@ on august first @@SEP@@ schedule of @@4@@	ATIS_train_568	False	flights @@SEP@@ @@1@@ from boston to san francisco @@SEP@@ @@2@@ for august first @@SEP@@ the first @@3@@	what are the schedule of flights from boston to san francisco for august first 
None	the general outbreaks of the plague in the Tudor dynasty and House of Stuart England @@SEP@@ it end with the Great Plague of London @@SEP@@ year of @@1@@ @@SEP@@ year of @@2@@ @@SEP@@ the difference of @@4@@ and @@3@@	DROP_train_history_1979_155b8639-e059-4876-baff-e241dc97f59e	False	the plague outbreak ended with the Great Plague of London @@SEP@@ years after @@1@@ @@SEP@@ years after @@2@@ that ended with @@1@@ @@SEP@@ years after @@3@@ that ended with @@2@@ @@SEP@@ years after @@4@@ that ended with @@3@@ @@SEP@@ years after @@5@@ that ended with @@4@@ @@SEP@@ years after @@6@@ that ended with @@5@@ @@SEP@@ years after @@7@@ that ended with @@6@@ @@SEP@@ years after @@8@@ that ended with @@7@@ @@SEP@@ years after @@9@@ that ended with @@8@@ @@SEP@@ years after @@10@@ that ended with @@9@@ @@SEP@@ years after @@11@@ that ended with @@10@@ @@SEP@@ years after @@12@@ that ended with @@11@@ @@SEP@@ years after @@13@@ that ended with @@12@@ @@SEP@@ years after @@14@@ that ended with @@13@@ @@SEP@@ years after @@15@@ that ended with @@14@@ @@SEP@@ years after @@16@@ that ended with @@15@@ @@SEP@@ years after @@17@@ that ended with @@16@@ @@SEP@@ years after @@18@@ that ended with @@17@@ @@SEP@@ years after @@19@@ that ended with @@18@@ @@SEP@@ years after @@20@@ that ended with @@19@@ @@SEP@@ years after @@21@@ that ended with @@20@@ @@SEP@@ years after @@22@@ that ended with @@21@@ @@SEP@@ years after @@23@@ that ended with @@22@@ @@SEP@@ years after @@24@@ that ended with @@23@@ @@SEP@@ years after @@25@@ that ended with @@24@@ @@SEP@@ years after @@26@@ that ended with @@25@@ @@SEP@@ years after @@27@@ that ended with @@26@@ @@SEP@@ years after @@28@@ that ended with @@27@@ @@SEP@@ years after @@29@@ that ended with @@26@@ @@SEP@@ years after @@30@@ that ended with @@27@@ @@SEP@@ years after @@29@@ that ended with @@28@@ @@SEP@@ years after @@30@@ that ended with @@29@@ @@SEP@@ years after @@30@@ that ended with @@28@@ @@SEP@@ years after @@29@@ that ended with @@28@@ @@SEP@@ years after @@30@@ that ended with @@29@@ @@SEP@@ years after @@30@@ that ended with @@28@@ @@SEP@@ years after @@29@@ that ended with @@28@@ @@SEP@@ years after @@30@@ that ended with @@28@@ @@SEP@@ years after @@29@@ that ended with @@28@@ @@SEP@@ years after @@30@@ that ended with @@28@@ @@SEP@@ years after @@29@@ that ended with @@28@@ @@SEP@@ years after @@30@@ that ended with @@28@@ @@SEP@@ years after @@29@@ that ended with @@28@@ @@SEP@@ years after @@30@@ that ended with @@28@@ @@SEP@@ years after @@29@@ that	How many years after the general outbreaks of the plague in the Tudor dynasty and House of Stuart England began did it end with the Great Plague of London?
0.39365079365079364	flights @@SEP@@ @@1@@ between baltimore @@SEP@@ @@2@@ and boston @@SEP@@ @@3@@ on august twelfth	ATIS_train_3776	False	flights @@SEP@@ @@1@@ between baltimore and boston @@SEP@@ @@2@@ on august twelfth	what flights are available between baltimore and boston on august twelfth 
0.6121482683982684	birds @@SEP@@ the water @@SEP@@ @@1@@ diving into @@2@@ @@SEP@@ head of @@3@@ @@SEP@@ @@3@@ where @@4@@ is facing right @@SEP@@ images of @@5@@ @@SEP@@ number of @@6@@ @@SEP@@ if @@7@@ is equal to two	NLVR2_train_train-5490-2-0	False	the left image @@SEP@@ birds in @@1@@ @@SEP@@ @@2@@ that are diving into the water @@SEP@@ number of @@3@@ @@SEP@@ if @@4@@ is equal to two	If the birds in both images are diving into the water with their heads facing right.
None	right image @@SEP@@ person in @@1@@ @@SEP@@ llama in @@1@@ @@SEP@@ @@2@@ that is leading @@3@@ toward the camera @@SEP@@ number of @@4@@ @@SEP@@ if @@5@@ is at least one @@SEP@@ left image @@SEP@@ llamas in @@7@@ @@SEP@@ packs in @@7@@ @@SEP@@ @@8@@ that are wearing @@9@@ @@SEP@@ number of @@10@@ @@SEP@@ if @@11@@ is at least two @@SEP@@ if both @@6@@ and @@12@@ are true	NLVR2_train_train-5774-1-0	False	the right image @@SEP@@ the person in @@1@@ @@SEP@@ the number of @@1@@ @@SEP@@ the number of @@2@@ @@SEP@@ the number of @@3@@ @@SEP@@ the number of @@4@@ @@SEP@@ if @@5@@ is equal to one @@SEP@@ if @@6@@ is equal to two @@SEP@@ if both @@7@@ and @@8@@ are true	If the right image includes a person leading a llama toward the camera, and the left image includes multiple llamas wearing packs.
0.5841269841269842	shiny material objects @@SEP@@ number of @@1@@	CLEVR_train_12398	True	material objects @@SEP@@ @@1@@ that are shiny @@SEP@@ the number of @@2@@	how many shiny material objects are there ?
0.34206349206349207	the Greek GDP @@SEP@@ growths in percentages of @@1@@ @@SEP@@ @@2@@ in 2003 @@SEP@@ @@2@@ in 2006 @@SEP@@ the difference of @@4@@ and @@3@@	DROP_train_history_1736_96e96a1a-1a6f-44d7-8bd3-f1930c3e7430	False	GDP growth @@SEP@@ @@1@@ in 2003 @@SEP@@ @@1@@ in 2006 @@SEP@@ the difference of @@2@@ and @@3@@	By how many percentage points did the Greek GDP growth fall between 2003 and 2006?
0.0	O'Sullivan @@SEP@@ interceptions of @@1@@ @@SEP@@ number of @@2@@	DROP_train_nfl_1129_8bc39cdd-c355-4450-a395-6011587dca8f	True	O'Sullivan @@SEP@@ interceptions of @@1@@ @@SEP@@ number of @@2@@	How many interceptions did O'Sullivan throw?
0.635	purple cube @@SEP@@ object behind @@1@@ @@SEP@@ shape of @@2@@	CLEVR_train_6585	False	objects @@SEP@@ @@1@@ that is purple @@SEP@@ @@2@@ that is cube @@SEP@@ @@1@@ that is behind @@3@@ @@SEP@@ shape of @@4@@	What shape is the object that is behind the purple cube?
0.4177389705882353	races with the name Australian Grand Prix @@SEP@@ races with the name Chinese Grand Prix @@SEP@@ drivers who participated in both @@1@@ and @@2@@ @@SEP@@ ids of @@3@@ @@SEP@@ forenames of @@3@@ @@SEP@@ @@4@@ , @@5@@	SPIDER_train_2179	False	drivers @@SEP@@ @@1@@ who participated in the Australian Grand Prix @@SEP@@ @@1@@ who participated in the Chinese Grand Prix @@SEP@@ @@1@@ of both @@2@@ and @@3@@ @@SEP@@ ids of @@4@@ @@SEP@@ forenames of @@4@@ @@SEP@@ @@5@@, @@6@@	Find the id and forenames of drivers who participated both the races with name Australian Grand Prix and the races with name Chinese Grand Prix?
0.6431051587301587	person @@SEP@@ @@1@@ that had his work dedicated by the United States Congress @@SEP@@ conditions of @@2@@	CWQ_train_WebQTrn-1880_0a522fd602641e4c7acb7870908615ed	False	the United States Congress @@SEP@@ conditions of @@1@@ @@SEP@@ what suffered from @@2@@ @@SEP@@ @@3@@ after @@1@@	What conditions did the person who had his work dedicated by the United States Congress suffer from?
0.62	the spheres @@SEP@@ the different colors that @@1@@ display @@SEP@@ the number of @@2@@	CLEVR_train_2574	False	spheres @@SEP@@ number of different colors @@SEP@@ number of different colors	How many different colors do the spheres display?
0.9757037037037037	the ferry @@SEP@@ pounds @@1@@ did weigh @@SEP@@ number of @@2@@	DROP_train_history_80_cc8fba7f-6008-40a0-8f71-32503fb3d00c	False	ferry @@SEP@@ pounds of @@1@@ @@SEP@@ @@1@@ where @@2@@ is highest @@SEP@@ @@2@@ where @@3@@ is highest @@SEP@@ @@4@@ where @@3@@ is highest @@SEP@@ @@5@@ where @@3@@ is highest @@SEP@@ @@6@@ where @@3@@ is highest @@SEP@@ @@7@@ where @@3@@ is highest @@SEP@@ @@8@@ where @@3@@ is highest @@SEP@@ @@9@@ where @@3@@ is highest @@SEP@@ @@10@@ where @@3@@ is highest @@SEP@@ @@11@@ where @@3@@ is highest @@SEP@@ @@12@@ where @@3@@ is highest @@SEP@@ @@13@@ where @@3@@ is highest @@SEP@@ @@14@@ where @@3@@ is highest @@SEP@@ @@15@@ where @@3@@ is highest @@SEP@@ @@16@@ where @@3@@ is highest @@SEP@@ @@17@@ where @@3@@ is highest @@SEP@@ @@18@@ where @@3@@ is highest @@SEP@@ @@19@@ where @@3@@ is highest @@SEP@@ @@20@@ where @@3@@ is highest @@SEP@@ @@21@@ where @@3@@ is highest @@SEP@@ @@22@@ where @@3@@ is highest @@SEP@@ @@23@@ where @@3@@ is highest @@SEP@@ @@24@@ where @@3@@ is highest @@SEP@@ @@25@@ where @@3@@ is highest @@SEP@@ @@26@@ where @@3@@ is highest @@SEP@@ @@27@@ where @@3@@ is highest @@SEP@@ @@28@@ where @@3@@ is highest @@SEP@@ @@29@@ where @@3@@ is highest @@SEP@@ @@30@@ where @@3@@ is highest @@SEP@@ @@31@@ where @@3@@ is highest @@SEP@@ @@32@@ where @@3@@ is highest @@SEP@@ @@33@@ where @@3@@ is highest @@SEP@@ @@34@@ where @@3@@ is highest @@SEP@@ @@35@@ where @@3@@ is highest @@SEP@@ @@36@@ where @@3@@ is highest @@SEP@@ @@37@@ where @@3@@ is highest @@SEP@@ @@38@@ where @@3@@ is highest @@SEP@@ @@39@@ where @@3@@ is highest @@SEP@@ @@40@@ where @@3@@ is highest @@SEP@@ @@41@@ where @@3@@ is highest @@SEP@@ @@42@@ where @@3@@ is highest @@SEP@@ @@43@@ where @@3@@ is highest @@SEP@@ @@44@@ where @@3@@ is highest @@SEP@@ @@45@@ where @@3@@ is highest @@SEP@@ @@46@@ where @@3@@ is highest @@SEP@@ @@47@@ where @@3@@ is highest @@SEP@@ @@48@@ where @@3@@ is highest @@SEP@@ @@49@@ where @@3@@ is highest @@SEP@@ @@50@@ where @@3@@ is highest 52	How many pounds did the ferry weigh?
0.08928571428571429	warthogs @@SEP@@ body of water @@SEP@@ @@1@@ that are next to @@2@@ @@SEP@@ if @@3@@ is in one image	NLVR2_train_train-3833-2-1	False	warthogs @@SEP@@ water @@SEP@@ @@1@@ next to @@2@@ @@SEP@@ if @@3@@ are in one of the images	If the warthogs in one image are next to a body of water.
0.38784722222222223	small objects @@SEP@@ @@1@@ that are matte @@SEP@@ @@1@@ that are brown @@SEP@@ @@2@@ or @@3@@ @@SEP@@ number of @@4@@ @@SEP@@ large objects @@SEP@@ number of @@6@@ @@SEP@@ which is highest of @@5@@ , @@7@@	CLEVR_train_1792	False	objects @@SEP@@ @@1@@ that are small @@SEP@@ @@2@@ that are brown @@SEP@@ @@2@@ that are matte @@SEP@@ number of @@3@@ @@SEP@@ number of @@4@@ @@SEP@@ which is more of @@5@@, @@6@@	Are there more small objects that are either brown or matte than large objects?
0.5222222222222223	the 50 states @@SEP@@ mountains of @@1@@ @@SEP@@ height of @@2@@ @@SEP@@ @@2@@ where @@3@@ is highest @@SEP@@ where is @@4@@ @@SEP@@ name of @@4@@ @@SEP@@ @@5@@ , @@6@@	COMQA_train_cluster-1104-4	False	states @@SEP@@ mountains of @@1@@ @@SEP@@ height of @@2@@ @@SEP@@ @@1@@ where @@3@@ is highest @@SEP@@ @@2@@ where @@3@@ is highest @@SEP@@ @@4@@, @@5@@	in the 50 states where is the tallest mountain and its name?
0.5769230769230769	months @@SEP@@ number of happy hours for each @@1@@ @@SEP@@ @@1@@ where @@2@@ is highest	SPIDER_train_805	False	months @@SEP@@ number of @@1@@ for each @@2@@ @@SEP@@ the highest of @@2@@ @@SEP@@ @@1@@ where @@2@@ is @@3@@ @@SEP@@ @@4@@, @@3@@	Which month has the most happy hours?
0.538888888888889	the left photo @@SEP@@ cups in @@1@@ @@SEP@@ dessert @@SEP@@ @@2@@ full of @@3@@ @@SEP@@ number of @@4@@ @@SEP@@ if @@5@@ is equal to two	NLVR2_train_train-11645-0-0	False	the left image @@SEP@@ cups full of @@1@@ @@SEP@@ number of @@2@@ @@SEP@@ if @@3@@ is equal to two @@SEP@@ number of @@4@@ @@SEP@@ if @@5@@ is equal to two @@SEP@@ number of @@6@@ @@SEP@@ if @@7@@ is equal to one	If the left photo contains two cups full of dessert.
0.5114409400123686	artists @@SEP@@ @@1@@ who had a tour named Natty Dread Tour @@SEP@@ cancer that @@2@@ die from @@SEP@@ form of @@3@@	CWQ_train_WebQTrn-3531_72cf301b99cc05fd52d411e67b13d02d	False	Natty Dread Tour @@SEP@@ the artist of @@1@@ @@SEP@@ the form of @@2@@	Of what form of cancer did the artist who had a tour named Natty Dread Tour die from?
0.295970695970696	Norway @@SEP@@ kings of @@1@@ @@SEP@@ @@2@@ that ruled in quick succession in 1204	DROP_train_history_336_7d5ccf6a-9a9a-4397-80ea-118bef423c46	False	the three kings @@SEP@@ kings of @@1@@ that ruled Norway in quick succession @@SEP@@ @@2@@ in 1204	Which three kings ruled Norway in quick succession in 1204?
0.6198046398046398	globe @@SEP@@ @@1@@ that is bronze @@SEP@@ @@1@@ that is small @@SEP@@ @@3@@ that is north of @@2@@ @@SEP@@ color of @@4@@	CLEVR_train_1184	False	small bronze globe @@SEP@@ @@1@@ that is large @@SEP@@ @@2@@ that is bronze @@SEP@@ @@3@@ that is to the north of @@1@@ @@SEP@@ @@4@@ that is bronze @@SEP@@ @@5@@ that is to the north of @@1@@ @@SEP@@ color of @@6@@	There is a large blue thing next to a small bronze globe, but the small globe to the north of the bronze globe is what color?
0.1547619047619048	sphere @@SEP@@ cubes @@SEP@@ color of @@1@@ @@SEP@@ color of @@2@@ @@SEP@@ @@2@@ where @@4@@ is the same as @@3@@ @@SEP@@ number of @@5@@ @@SEP@@ if @@6@@ is higher than zero	CLEVR_train_3501	False	spheres @@SEP@@ cubes @@SEP@@ color of @@1@@ @@SEP@@ color of @@2@@ @@SEP@@ @@1@@ where @@3@@ is the same as @@4@@ @@SEP@@ number of @@5@@ @@SEP@@ if @@6@@ is two	Does the sphere match the color of either cube?
0.5873015873015872	the 1960 presidential election @@SEP@@ who won @@1@@	COMQA_train_cluster-2116-2	False	1960 presidential election @@SEP@@ who won @@1@@ @@SEP@@ @@2@@ in 1960 @@SEP@@ @@3@@	who won 1960 presidential election?
0.11111111111111112	the Packers @@SEP@@ yards by which @@1@@ win	DROP_train_nfl_2683_a4d7faa3-240b-42a9-93b1-2de0a51366a6	False	the Packers @@SEP@@ yards win by of @@1@@	How many yards did the Packers win by?
0.5977777777777777	cylinders @@SEP@@ @@1@@ that are metallic @@SEP@@ @@2@@ that are large	CLEVR_train_3887	False	large cylinders @@SEP@@ @@1@@ that Are metallic @@SEP@@ number of @@1@@ @@SEP@@ number of @@2@@ @@SEP@@ if @@3@@ is equal to @@4@@	are the large cylinders metallic?
0.21031746031746032	objects @@SEP@@ @@1@@ that are shiny @@SEP@@ the @@2@@ that are closest to the camera @@SEP@@ the color of @@3@@	CLEVR_train_3169	False	objects @@SEP@@ @@1@@ that are shiny @@SEP@@ @@1@@ closest to @@2@@ @@SEP@@ color of @@3@@	What color is the shiny object closest to the camera?
0.3308641975308642	flights @@SEP@@ @@1@@ from memphis @@SEP@@ @@2@@ to seattle @@SEP@@ fares of @@3@@ @@SEP@@ @@4@@ that is the cheapest	ATIS_train_3851	False	flights @@SEP@@ @@1@@ from memphis to seattle @@SEP@@ @@2@@ to seattle @@SEP@@ @@3@@ that is cheapest	cheapest fare from memphis to seattle 
None	laptop @@SEP@@ @@1@@ that is silver colored @@SEP@@ desk @@SEP@@ @@3@@ that is black @@SEP@@ entertainment center @@SEP@@ @@4@@ connected to @@5@@ @@SEP@@ if @@2@@ is sitting on @@6@@	NLVR2_train_train-10632-3-0	False	the left image @@SEP@@ the number of @@1@@ @@SEP@@ the number of @@2@@ @@SEP@@ the number of @@3@@ @@SEP@@ the number of @@4@@ @@SEP@@ the number of @@5@@ @@SEP@@ the number of @@6@@ @@SEP@@ the number of @@7@@ @@SEP@@ the number of @@8@@ @@SEP@@ the number of @@9@@ @@SEP@@ the number of @@10@@ @@SEP@@ the number of @@11@@ @@SEP@@ the number of @@12@@ @@SEP@@ the number of @@13@@ @@SEP@@ the number of @@14@@ @@SEP@@ the number of @@15@@ @@SEP@@ the number of @@16@@ @@SEP@@ the number of @@17@@ @@SEP@@ the number of @@18@@ @@SEP@@ the number of @@19@@ @@SEP@@ the number of @@20@@ @@SEP@@ the number of @@21@@ @@SEP@@ the number of @@22@@ @@SEP@@ the number of @@23@@ @@SEP@@ the number of @@24@@ @@SEP@@ the number of @@25@@ @@SEP@@ the number of @@26@@ @@SEP@@ the number of @@27@@ @@SEP@@ the number of @@28@@ @@SEP@@ the number of @@29@@ @@SEP@@ the number of @@30@@ @@SEP@@ the number of @@31@@ @@SEP@@ the number of @@32@@ @@SEP@@ the number of @@33@@ @@SEP@@ the number of @@34@@ @@SEP@@ the number of @@35@@ @@SEP@@ the number of @@36@@ @@SEP@@ the number of @@37@@ @@SEP@@ the number of @@38@@ @@SEP@@ the number of @@39@@ @@SEP@@ the number of @@40@@ @@SEP@@ the number of @@41@@ @@SEP@@ the number of @@42@@ @@SEP@@ the number of @@43@@ @@SEP@@ the number of @@44@@ @@SEP@@ the number of @@45@@ @@SEP@@ the number of @@46@@ @@SEP@@ the number of @@47@@ @@SEP@@ the number of @@48@@ @@SEP@@ the number of @@49@@ @@SEP@@ the number of @@50@@ @@SEP@@ the number of @@51@@ @@SEP@@ the number of @@52@@ @@SEP@@ the number of @@53@@ @@SEP@@ the number of @@54@@ 56	If a silver colored laptop is sitting on a black desk that is connected to an entertainment center.
0.32087301587301587	cylinders @@SEP@@ red objects @@SEP@@ number of @@1@@ @@SEP@@ number of @@2@@ @@SEP@@ if @@3@@ is higher than @@4@@	CLEVR_train_3807	False	cylinders @@SEP@@ @@1@@ that are red @@SEP@@ number of @@2@@ @@SEP@@ number of @@3@@ @@SEP@@ which is higher of @@4@@, @@5@@	Is there more cylinders then red objects?
None	employees @@SEP@@ @@1@@ who work in a department @@SEP@@ names of @@2@@ @@SEP@@ @@2@@ where @@3@@ contains a T @@SEP@@ employee numbers of @@4@@ @@SEP@@ first names of @@4@@ @@SEP@@ last names of @@4@@ @@SEP@@ @@5@@ , @@6@@ , @@7@@	SPIDER_train_3503	False	employees @@SEP@@ @@1@@ where @@2@@ has a 'T' in first name @@SEP@@ @@1@@ besides @@2@@ @@SEP@@ the full name of @@3@@ @@SEP@@ the hire date of @@3@@ @@SEP@@ the salary of @@3@@ @@SEP@@ the department number of @@3@@ @@SEP@@ @@4@@, @@5@@, @@6@@, @@7@@	display the employee number and name( first name and last name ) for all employees who work in a department with any employee whose name contains a T.
0.45454545454545453	artists @@SEP@@ join years of @@1@@ @@SEP@@ @@1@@ where @@2@@ is latest @@SEP@@ name of @@3@@	SPIDER_train_1662	False	artists @@SEP@@ @@1@@ who joined latest @@SEP@@ name of @@3@@	Return the name of the artist who has the latest join year.
0.2857142857142857	flights @@SEP@@ @@1@@ from new york @@SEP@@ @@2@@ to miami @@SEP@@ @@3@@ that are round trip	ATIS_train_3846	False	flights @@SEP@@ @@1@@ from new york @@SEP@@ @@2@@ to miami	give me all the flights from new york to miami round trip 
0.43509615384615385	cubes @@SEP@@ size of @@1@@ @@SEP@@ @@1@@ where @@2@@ is the largest @@SEP@@ color of @@3@@	CLEVR_train_4503	False	cubes @@SEP@@ @@1@@ that is the largest @@SEP@@ color of @@2@@	What is the color of the largest cube?
0.5632410799077466	left image @@SEP@@ seals in @@1@@ @@SEP@@ heads of @@2@@ @@SEP@@ @@2@@ where @@3@@ are upraised @@SEP@@ @@4@@ that is large @@SEP@@ @@5@@ that is dark @@SEP@@ number of @@6@@ @@SEP@@ if @@7@@ is equal to one @@SEP@@ @@4@@ that is smaller @@SEP@@ @@9@@ that is paler @@SEP@@ number of @@10@@ @@SEP@@ if @@11@@ is equal to one @@SEP@@ if both @@8@@ and @@12@@ are true	NLVR2_train_train-12671-3-0	False	the image on the right @@SEP@@ seals in @@1@@ @@SEP@@ number of @@2@@ @@SEP@@ if @@3@@ is equal to two @@SEP@@ the number of @@4@@ @@SEP@@ if @@5@@ is equal to one @@SEP@@ the number of @@6@@ @@SEP@@ if @@7@@ is at least one	If left image shows two seals with upraised heads, one large and dark, and the other smaller and paler.
0.04615384615384614	cubes @@SEP@@ number of @@1@@ @@SEP@@ is @@2@@ higher than two	CLEVR_train_2752	True	cubes @@SEP@@ number of @@1@@ @@SEP@@ if @@2@@ is higher than two	Are there more than two cubes?
0.5656565656565656	objects @@SEP@@ @@1@@ with only flat surfaces @@SEP@@ number of @@2@@	CLEVR_train_12689	False	objects @@SEP@@ flat surfaces of @@1@@ @@SEP@@ number of @@2@@ for each @@1@@ @@SEP@@ @@1@@ where @@3@@ is two	How many objects with only flat surfaces?
0.5838827838827838	products @@SEP@@ @@1@@ that is cheapest @@SEP@@ product id of @@2@@ @@SEP@@ product type of @@2@@ @@SEP@@ @@3@@ , @@4@@	SPIDER_train_4711	False	products @@SEP@@ prices of @@1@@ @@SEP@@ the lowest of @@2@@ @@SEP@@ @@1@@ where @@2@@ is equal to @@3@@ @@SEP@@ product id of @@4@@ @@SEP@@ product type of @@4@@	What are the product id and product type of the cheapest product?
0.5793650793650794	Shiancoe @@SEP@@ catches of @@1@@ @@SEP@@ @@2@@ in the Vikings last drive of the first half @@SEP@@ yards of @@3@@ @@SEP@@ sum of @@4@@	DROP_train_nfl_1930_e1c44281-be41-478e-99c4-66ed314552ac	False	the Vikings @@SEP@@ yards of @@1@@ @@SEP@@ sum of @@2@@	How many yards did Shiancoe catch for during the Vikings last drive of the first half?
0.15873015873015872	the October Revolution @@SEP@@ Romania did take control of Bessarabia @@SEP@@ when was @@1@@ @@SEP@@ when was @@2@@ @@SEP@@ difference of @@3@@ and @@4@@ in months	DROP_train_history_1673_75848d11-b9a9-4800-9d19-b86fd6434b4e	False	the October Revolution @@SEP@@ the Romania took control of Bessarabia @@SEP@@ month of @@1@@ @@SEP@@ month of @@2@@ @@SEP@@ difference of @@3@@ and @@4@@	How many months after the October Revolution did Romania take control of Bessarabia?
0.07936507936507937	pandas @@SEP@@ number of @@1@@ @@SEP@@ if @@2@@ is equal to four	NLVR2_train_train-6849-0-0	False	pandas @@SEP@@ the number of @@1@@ @@SEP@@ if @@2@@ is higher than four	If there are four pandas
0.4253246753246753	the left image @@SEP@@ vultures in @@1@@ @@SEP@@ number of @@2@@ @@SEP@@ if @@3@@ is equal to two	NLVR2_train_train-8071-2-0	False	left image @@SEP@@ vultures of @@1@@ @@SEP@@ number of @@2@@ @@SEP@@ if @@3@@ is equal to two @@SEP@@ number of @@4@@ @@SEP@@ if @@5@@ is equal to one	If the left image contains exactly two vultures.
0.5401360544217687	the cubes @@SEP@@ @@1@@ which are teal @@SEP@@ the cylinder partially hidden by @@2@@ @@SEP@@ the color of @@3@@	CLEVR_train_17015	False	cylinder @@SEP@@ objects @@SEP@@ @@2@@ that are partially hidden by @@1@@ @@SEP@@ the color of @@3@@	What color is the cylinder partially hidden by the teal cube?
0.07676767676767678	brown objects @@SEP@@ @@1@@ which are also cylinders @@SEP@@ the number of @@2@@	CLEVR_train_10088	False	brown objects @@SEP@@ @@1@@ that are cylinders @@SEP@@ number of @@2@@	how many brown objects are also cylinders?
0.6098901098901098	Florida Marlins @@SEP@@ hometown of @@1@@ @@SEP@@ areas of @@2@@ @@SEP@@ populations of @@3@@ @@SEP@@ @@3@@ where @@4@@ is the smallest	CWQ_train_WebQTrn-2710_200c3f462412ae243b0c015787219cc1	False	Marlins Park @@SEP@@ home of @@1@@ @@SEP@@ location of @@2@@ @@SEP@@ @@1@@ where @@2@@ is smallest	Which area of the Florida Marlins hometown has the smallest population?
0.0	The Audacity of Hope @@SEP@@ author of @@1@@ @@SEP@@ university of @@2@@	CWQ_train_WebQTrn-1928_e56e856592a9a57b9e331b718adc1b75	True	the Audacity of Hope @@SEP@@ author of @@1@@ @@SEP@@ university of @@2@@	At which university did the author of "The Audacity of Hope" earn his bachelor's degree?
0.0	the Conference of Lausanne @@SEP@@ months of @@1@@ @@SEP@@ number of @@2@@	DROP_train_history_1549_1b9f4160-3465-47b6-9236-cddf652c1536	True	the Conference of Lausanne @@SEP@@ months of @@1@@ @@SEP@@ number of @@2@@	How many months did the Conference of Lausanne last for?
0.31295787545787546	pigs @@SEP@@ fire pit @@SEP@@ @@1@@ that are surrounding @@2@@ @@SEP@@ number of @@3@@ @@SEP@@ if @@4@@ is at least two	NLVR2_train_train-379-0-0	False	pigs @@SEP@@ fire pit @@SEP@@ @@1@@ that is surrounded by @@2@@ @@SEP@@ @@3@@ that is surrounded by @@4@@ @@SEP@@ number of @@5@@ @@SEP@@ if @@6@@ is higher than two	If there are pigs surrounding a fire pit.
0.11825396825396825	one image @@SEP@@ wolves in @@1@@ @@SEP@@ number of @@2@@ @@SEP@@ other image @@SEP@@ wolves in @@4@@ @@SEP@@ number of @@5@@ @@SEP@@ division of @@3@@ and @@6@@ @@SEP@@ If @@7@@ is equal to two	NLVR2_train_train-12848-0-0	False	the left image @@SEP@@ the right image @@SEP@@ wolves in @@1@@ @@SEP@@ wolves in @@2@@ @@SEP@@ number of @@3@@ @@SEP@@ number of @@4@@ @@SEP@@ division of @@5@@ and @@6@@ @@SEP@@ if @@7@@ is equal to two	If one image includes exactly twice as many wolves as the other image.
0.37697649572649566	customer @@SEP@@ @@1@@ with last name Kohler @@SEP@@ @@1@@ with first name Marina @@SEP@@ @@2@@ or @@3@@ @@SEP@@ status codes of @@4@@ @@SEP@@ mobile phone number of @@4@@ @@SEP@@ email address of @@4@@ @@SEP@@ @@5@@ , @@6@@ and @@7@@	SPIDER_train_6664	False	customers @@SEP@@ last name of @@1@@ @@SEP@@ first name of @@1@@ @@SEP@@ @@1@@ where @@2@@ is Kohler @@SEP@@ @@1@@ where @@3@@ is Marina @@SEP@@ @@4@@, @@5@@ @@SEP@@ status codes of @@6@@ @@SEP@@ mobile phone number of of @@6@@ @@SEP@@ email address of @@6@@ @@SEP@@ @@7@@, @@8@@, @@9@@	What is the status code, mobile phone number and email address of customer with last name as Kohler or first name as Marina?
0.18585858585858586	shapes @@SEP@@ @@1@@ that is the largest @@SEP@@ color of @@2@@	CLEVR_train_102	True	shapes @@SEP@@ the largest of @@1@@ @@SEP@@ the color of @@2@@	what is the color of the largest shape?
0.41156462585034015	the Brazilian cruzado novo @@SEP@@ country of origin of @@1@@ @@SEP@@ languages spoken in @@2@@	CWQ_train_WebQTest-1197_f978435827c7e85a6632a72eea403599	False	countries @@SEP@@ country of origin of @@1@@ @@SEP@@ languages that are spoken in @@2@@ @@SEP@@ @@3@@ besides Brazilian Portuguese	What languages are spoken in the country of origin for the Brazilian cruzado novo?
0.0	india @@SEP@@ population density of @@1@@ @@SEP@@ @@2@@ in 2011	COMQA_train_cluster-2174-1	True	india @@SEP@@ population density of @@1@@ @@SEP@@ @@2@@ in 2011	what is the population density of india in 2011?
0.0	gymnasts @@SEP@@ names of @@1@@	SPIDER_train_1746	True	gymnasts @@SEP@@ names of @@1@@	What are the names of gymnasts?
0.020408163265306128	the gold ball @@SEP@@ the small balls @@SEP@@ @@2@@ that is to the left of @@1@@ @@SEP@@ color of @@3@@	CLEVR_train_5284	True	the gold ball @@SEP@@ small ball @@SEP@@ @@2@@ that is to the left of @@1@@ @@SEP@@ color of @@3@@	What color is the small ball to the left of the gold ball?
0.625	objects @@SEP@@ @@1@@ that are cylinders @@SEP@@ @@1@@ that are gray @@SEP@@ @@2@@ , @@3@@ @@SEP@@ the number of @@4@@	CLEVR_train_16997	False	cylinders @@SEP@@ @@1@@ that are gray @@SEP@@ number of @@2@@	how many are cylinders or gray?
0.6168091168091168	the start of the first naval war @@SEP@@ end of last naval war @@SEP@@ when was @@1@@ @@SEP@@ when was @@2@@ @@SEP@@ difference of @@4@@ and @@3@@ in years	DROP_train_history_1061_c60491f7-215b-4064-a804-159b97840477	False	the years between the start of the first naval war, and end of last naval war @@SEP@@ years of @@1@@ @@SEP@@ number of @@2@@	How many years were between the start of the first naval war, and end of last naval war?
0.380952380952381	Tortilla Flat @@SEP@@ author of @@1@@ @@SEP@@ for what is @@2@@ best known	CWQ_train_WebQTrn-1685_9cb3806a6cd1ccd197f00cd8fc563ea8	False	Tortilla Flat @@SEP@@ author of @@1@@ @@SEP@@ best known for @@2@@ @@SEP@@ @@3@@	What is the author of "Tortilla Flat" best known for?
0.3842592592592593	the blue cube @@SEP@@ objects @@SEP@@ @@2@@ that are blue @@SEP@@ @@3@@ that are to the right of @@1@@ @@SEP@@ the number of @@4@@	CLEVR_train_7631	False	the blue cube @@SEP@@ blue cube @@SEP@@ @@1@@ to the right of @@2@@ @@SEP@@ number of @@3@@	How many blue objects are to the right of the blue cube?
0.6222222222222222	items @@SEP@@ @@1@@ in this group @@SEP@@ if any @@2@@ is made of rubber	CLEVR_train_5392	False	items @@SEP@@ @@1@@ which are made of rubber @@SEP@@ @@1@@ besides @@2@@ @@SEP@@ number of @@3@@ @@SEP@@ is @@4@@ more than zero	Are any of the items in this group made of rubber?
0.6148148148148148	documents @@SEP@@ location codes of @@1@@ @@SEP@@ distinct @@2@@	SPIDER_train_4219	False	location codes @@SEP@@ documents of @@1@@ @@SEP@@ number of @@2@@ for each @@1@@ @@SEP@@ @@1@@ where @@3@@ is distinct	Give me all the distinct location codes for documents.
0.604679271345938	Iran @@SEP@@ language of @@1@@ @@SEP@@ initials of @@2@@ @@SEP@@ @@2@@ where @@3@@ is AII	CWQ_train_WebQTrn-672_6acc16caab638158eb5f1140ae7dd724	False	Iran @@SEP@@ @@1@@ that speaks AII @@SEP@@ @@1@@ that has the initials AII @@SEP@@ @@1@@ of both @@2@@ and @@3@@	What language do they speak in Iran, which has the initials AII?
0.4924242424242424	players @@SEP@@ @@1@@ that have coaches @@SEP@@ @@1@@ besides @@2@@ @@SEP@@ names of @@3@@	SPIDER_train_1732	False	players @@SEP@@ @@1@@ that do not have coaches @@SEP@@ names of @@2@@ @@SEP@@ @@1@@ besides @@2@@ @@SEP@@ @@1@@, @@2@@	List the names of players that do not have coaches.
0.15999999999999998	Philadelphia @@SEP@@ feild goals of @@1@@ @@SEP@@ number of @@2@@	DROP_train_nfl_1153_ab4c507f-e3fa-4a68-b771-c4e8dfa5abbb	False	the Eagles @@SEP@@ field goals of @@1@@ @@SEP@@ number of @@2@@	How many feild goals did Philadelphia score?
0.0	flights @@SEP@@ @@1@@ from denver @@SEP@@ @@2@@ to phoenix	ATIS_train_2969	True	flights @@SEP@@ @@1@@ from denver @@SEP@@ @@2@@ to phoenix	please list the flights from denver to phoenix 
0.5072039072039072	enzymes @@SEP@@ products that @@1@@ can not interact with @@SEP@@ @@1@@ where @@2@@ is 'Heme @@SEP@@ medicine name of @@3@@ @@SEP@@ trade name of @@3@@ @@SEP@@ @@4@@ , @@5@@	SPIDER_train_970	False	medicines @@SEP@@ enzymes interact with of @@1@@ @@SEP@@ products of @@2@@ @@SEP@@ @@2@@ where @@3@@ is 'Heme @@SEP@@ number of @@4@@ for each @@1@@ @@SEP@@ @@1@@ where @@5@@ is zero @@SEP@@ medicine names of @@6@@ @@SEP@@ trade names of @@6@@ @@SEP@@ @@7@@, @@8@@	What are the medicine and trade names that cannot interact with the enzyme with the product 'Heme'?
0.7328055542341256	right image @@SEP@@ vases in @@1@@ @@SEP@@ bases of @@2@@ @@SEP@@ @@3@@ that are water-filled @@SEP@@ fruit in @@1@@ @@SEP@@ @@5@@ that is green @@SEP@@ @@6@@ that are in @@4@@ @@SEP@@ @@2@@ that has @@7@@ @@SEP@@ number of @@8@@ @@SEP@@ if @@9@@ is equal to two	NLVR2_train_train-9650-3-1	False	two clear vases @@SEP@@ the other clear vase @@SEP@@ if @@1@@ is mostly clear @@SEP@@ if @@2@@ is more green @@SEP@@ if both @@3@@ and @@4@@ are true	If two clear vases with green fruit in their water-filled bases are shown in the right image.
