id	question	gold	prediction	ged	normalized_exact_match
NLVR2_train_train-11100-3-0	If the left and right image contains the same number of combat golf balls.	left image @@SEP@@ right image @@SEP@@ combat golf balls in @@1@@ @@SEP@@ combat golf balls in @@2@@ @@SEP@@ number of @@3@@ @@SEP@@ number of @@4@@ @@SEP@@ if @@5@@ is equal to @@6@@	the left image @@SEP@@ the right image @@SEP@@ number of @@1@@ @@SEP@@ number of @@2@@ @@SEP@@ number of @@3@@ @@SEP@@ number of @@4@@ @@SEP@@ sum of @@5@@ and @@6@@ @@SEP@@ if @@7@@ is equal to combat @@SEP@@ if both @@4@@ and @@8@@ are true	0.4146520146520147	False
ATIS_train_1873	show me all all flights from pittsburgh to atlanta on wednesday which leave before noon and serve breakfast 	flights @@SEP@@ @@1@@ from pittsburgh @@SEP@@ @@2@@ to atlanta @@SEP@@ @@3@@ on wednesday @@SEP@@ @@4@@ that leave before noon @@SEP@@ @@5@@ which serve breakfast	flights @@SEP@@ @@1@@ from pittsburgh @@SEP@@ @@2@@ to atlanta @@SEP@@ @@3@@ on wednesday morning @@SEP@@ @@4@@ serving breakfast	0.24646464646464647	False
CLEVR_train_7357	How many pyramid shapes are there?	pyramid shapes @@SEP@@ number of @@1@@	shapes @@SEP@@ number of pyramid shapes	0.5111111111111112	False
CLEVR_train_3402	What object is in the back of the frame?	objects @@SEP@@ @@1@@ that is in the back of the frame	objects @@SEP@@ @@1@@ that is in the back @@SEP@@ object of @@2@@	0.4352941176470589	False
NLVR2_train_train-4192-0-0	If there is a single panda sitting in the grass in the image on the left.	image on the left @@SEP@@ pandas in @@1@@ @@SEP@@ the grass @@SEP@@ @@2@@ sitting in @@3@@ @@SEP@@ number of @@4@@ @@SEP@@ if @@5@@ is equal to one	panda @@SEP@@ a grass @@SEP@@ @@1@@ in @@2@@ @@SEP@@ if @@3@@ is in the image on the left	0.5526695526695526	False
NLVR2_train_train-13014-1-1	If there are more animals in the image on the right than in the image on the left.	right image @@SEP@@ left image @@SEP@@ animals of @@1@@ @@SEP@@ animals of @@2@@ @@SEP@@ the number of @@3@@ @@SEP@@ the number of @@4@@ @@SEP@@ if @@5@@ is higher than @@6@@	right image @@SEP@@ animals in @@1@@ @@SEP@@ number of @@2@@ @@SEP@@ if @@3@@ is at least two @@SEP@@ left image @@SEP@@ animals in @@4@@ @@SEP@@ if @@5@@ is higher than @@6@@	0.3913863913863914	False
SPIDER_train_2973	Return the titles of any movies with an R rating.	movies @@SEP@@ @@1@@ with rating R @@SEP@@ titles of @@2@@	movies @@SEP@@ @@1@@ that have an R rating @@SEP@@ the titles of @@2@@	0.12222222222222223	False
ATIS_train_623	which united airlines flights go through denver 	flights @@SEP@@ @@1@@ on united airlines @@SEP@@ @@2@@ that go through denver	flights @@SEP@@ @@1@@ on united airlines @@SEP@@ @@2@@ that go through denver	0.0	True
CWQ_train_WebQTrn-1689_a3b28063f6e86f074de64b6e1260fcfe	In what years did the artist nominated for the Khloe & Lamar award play for the Clippers?	artists @@SEP@@ @@1@@ who nominated for Khloe & Lamar @@SEP@@ years that @@2@@ play for the Clippers	the jonas brothers @@SEP@@ years played for the Clippers @@SEP@@ who nominated for @@2@@	0.5935897435897436	False
ATIS_train_2081	northwest flights with stops in denver 	flights @@SEP@@ @@1@@ on northwest @@SEP@@ @@2@@ with stops in denver	flights @@SEP@@ @@1@@ that are northwest @@SEP@@ @@2@@ that have stopover in denver	0.14358974358974358	False
CLEVR_train_3058	Are the small objects the same material as the big things?	small objects @@SEP@@ big things @@SEP@@ material of @@1@@ @@SEP@@ material of @@2@@ @@SEP@@ is @@3@@ the same as @@4@@	the small things @@SEP@@ the big things @@SEP@@ materials of @@1@@ @@SEP@@ materials of @@2@@ @@SEP@@ the same as @@3@@ @@SEP@@ the same as @@4@@ @@SEP@@ the same as @@5@@ @@SEP@@ the same as @@6@@	0.5527210884353742	False
DROP_train_history_2582_ab89f351-b8f4-4c3a-98f8-637bf6ec0779	Which team had more back-to-back wins, the Warrior or the Utah Jazz?	back-to-back wins @@SEP@@ @@1@@ of the Warrior @@SEP@@ @@1@@ of the Utah Jazz @@SEP@@ number of @@2@@ @@SEP@@ number of @@3@@ @@SEP@@ which is highest of @@4@@ , @@5@@	back-to-back wins @@SEP@@ @@1@@ of the Warriors @@SEP@@ @@1@@ of the Utah Jazz @@SEP@@ number of @@2@@ @@SEP@@ number of @@3@@ @@SEP@@ difference of @@4@@ and @@5@@	0.05238095238095238	False
ATIS_train_1941	show me the flights available from dallas to baltimore august third 	flights @@SEP@@ @@1@@ from dallas @@SEP@@ @@2@@ to baltimore @@SEP@@ @@3@@ on august third @@SEP@@ @@4@@ that are available	flights @@SEP@@ @@1@@ from dallas @@SEP@@ @@2@@ to baltimore @@SEP@@ @@3@@ between dallas and baltimore	0.29292929292929293	False
CLEVR_train_17638	how many objects are left if all the metallic ones are removed?	objects @@SEP@@ @@1@@ that are metallic @@SEP@@ @@1@@ besides @@2@@ @@SEP@@ number of @@3@@	objects @@SEP@@ @@1@@ that are metallic @@SEP@@ @@1@@ besides @@2@@ @@SEP@@ number of @@3@@	0.0	True
NLVR2_train_train-11645-0-0	If the left photo contains two cups full of dessert.	the left photo @@SEP@@ cups in @@1@@ @@SEP@@ dessert @@SEP@@ @@2@@ full of @@3@@ @@SEP@@ number of @@4@@ @@SEP@@ if @@5@@ is equal to two	left photo @@SEP@@ cups of dessert in @@1@@ @@SEP@@ number of @@2@@ @@SEP@@ if @@3@@ is at least two	0.5456644365735275	False
DROP_train_history_942_c1f36498-a5e3-491e-a47b-5fb9bddd4e51	How many more households had females with no husband present compared to a male with no wife present, by percent?	households @@SEP@@ @@1@@ with females @@SEP@@ @@2@@ with husband @@SEP@@ @@2@@ besides @@3@@ @@SEP@@ @@1@@ with males @@SEP@@ @@5@@ with wife @@SEP@@ @@5@@ besides @@6@@ @@SEP@@ percent of @@4@@ @@SEP@@ percent of @@7@@ @@SEP@@ difference of @@8@@ and @@9@@	households @@SEP@@ @@1@@ with females @@SEP@@ @@2@@ with husband @@SEP@@ @@2@@ besides @@3@@ @@SEP@@ @@1@@ with males @@SEP@@ @@5@@ with wife @@SEP@@ @@5@@ besides @@6@@ @@SEP@@ percent of @@4@@ @@SEP@@ percent of @@7@@ @@SEP@@ difference of @@8@@ and @@9@@	0.0	True
CLEVR_train_3186	Are any of the balls gray?	balls @@SEP@@ @@1@@ that Are gray @@SEP@@ number of @@2@@ @@SEP@@ if @@3@@ is higher than zero	balls @@SEP@@ @@1@@ that are gray @@SEP@@ number of @@2@@ @@SEP@@ if @@3@@ is lower than zero	0.020408163265306128	False
DROP_train_nfl_2736_dcc41067-e26d-4796-a7b4-d5f5523ae548	How many points were scored on the Chargers first possession?	the Chargers @@SEP@@ possessions of @@1@@ @@SEP@@ first of @@2@@ @@SEP@@ points scored on @@3@@ @@SEP@@ sum of @@4@@	the Chargers @@SEP@@ possessions of @@1@@ @@SEP@@ first of @@2@@ @@SEP@@ points scored on @@3@@ @@SEP@@ sum of @@4@@	0.0	True
NLVR2_train_train-8176-0-1	If the left and right image contains the same number of staircase with wooden and metal s shaped rails.	staircases @@SEP@@ rails of @@1@@ @@SEP@@ @@2@@ that are s shaped @@SEP@@ @@3@@ that are wooden and metal @@SEP@@ @@1@@ that has @@4@@ @@SEP@@ left image @@SEP@@ right image @@SEP@@ @@5@@ that are in @@6@@ @@SEP@@ @@5@@ that are in @@7@@ @@SEP@@ number of @@8@@ @@SEP@@ number of @@9@@ @@SEP@@ if @@10@@ is equal to @@11@@	the left image @@SEP@@ the right image @@SEP@@ the same number of @@1@@ @@SEP@@ the same number of @@2@@ @@SEP@@ the same number of @@3@@ @@SEP@@ the same number of @@4@@ @@SEP@@ the same number of @@5@@ @@SEP@@ the same number of @@6@@ @@SEP@@ the same number of @@7@@ @@SEP@@ the same number of @@8@@ @@SEP@@ the same number of @@9@@ @@SEP@@ the same number of @@10@@ @@SEP@@ the same number of @@11@@ @@SEP@@ the same number of @@12@@ @@SEP@@ the same number of @@13@@ @@SEP@@ the same number of @@14@@ @@SEP@@ the same number of @@15@@ @@SEP@@ the same number of @@16@@ @@SEP@@ the same number of @@17@@ @@SEP@@ the same number of @@18@@ @@SEP@@ the same number of @@19@@ @@SEP@@ the same number of @@20@@ @@SEP@@ the same number of @@21@@ @@SEP@@ the same number of @@22@@ @@SEP@@ the same number of @@23@@ @@SEP@@ the same number of @@24@@ @@SEP@@ the same number of @@25@@ @@SEP@@ the same number of @@26@@ @@SEP@@ the same number of @@27@@ @@SEP@@ the same number of @@28@@ @@SEP@@ the same number of @@29@@ @@SEP@@ the same number of @@30@@ @@SEP@@ the same number of @@31@@ @@SEP@@ the same number of @@32@@ @@SEP@@ the same number of @@33@@ @@SEP@@ the same number of @@34@@ @@SEP@@ the same number of @@35@@ @@SEP@@ the same number of @@36@@ @@SEP@@ the same number of @@37@@ @@SEP@@ the same number of @@38@@ @@SEP@@ the same number of @@39@@ @@SEP@@ the same number of @@40@@ @@SEP@@ the same number of @@41@@ @@SEP@@ the same number of @@42@@ @@SEP@@ the same number of @@43@@ @@SEP@@ the same number of @@44@@ @@SEP@@ the same number of @@45@@ @@SEP@@ the same number of @@46@@ @@SEP@@ the same number of @@47@@ @@SEP@@ the same number of @@48@@ @@SEP@@ the same number of @@49@@ @@SEP@@ the same number of @@50@@ @@SEP@@ the same number of @@51@@ @@SEP@@ the same number of @@52@@ @@SEP@@ the same number of @@53@@ @@SEP@@ the same number of @@54@@ @@SEP@@ the same number of @@55@@ @@SEP@@ the same number of @@56@@ @@SEP@@ the same number of @@57@@ @@SEP@@ the same number of @@58@@ @@SEP@@ the same number of @@59@@ 62#)		False
ATIS_train_1086	please show me all the flights from indianapolis to san diego tomorrow 	flights @@SEP@@ @@1@@ from indianapolis @@SEP@@ @@2@@ tomorrows san diego @@SEP@@ @@3@@ that is tomorrow	flights @@SEP@@ @@1@@ from indianapolis @@SEP@@ @@2@@ to san diego @@SEP@@ @@3@@ tomorrow	0.06428571428571428	False
NLVR2_train_train-7978-3-0	If in the image to the right, one of the flasks holds a yellow liquid.	right image @@SEP@@ flasks in @@1@@ @@SEP@@ liquid @@SEP@@ @@3@@ that is yellow @@SEP@@ @@2@@ that holds @@4@@ @@SEP@@ number of @@5@@ @@SEP@@ If @@6@@ is equal to one	right image @@SEP@@ yellow liquid in @@1@@ @@SEP@@ if @@2@@ is in one of the images	0.6959706959706959	False
NLVR2_train_train-218-2-0	If an image includes an item of silverware and a clear unlidded glass jar containing a creamy pale yellow substance.	silverware @@SEP@@ item of @@1@@ @@SEP@@ image of @@2@@ @@SEP@@ jar @@SEP@@ @@4@@ that is glass @@SEP@@ @@5@@ that is unlidded @@SEP@@ @@6@@ that is clear @@SEP@@ substance @@SEP@@ @@8@@ that is yellow @@SEP@@ @@9@@ that is pale @@SEP@@ @@10@@ that is creamy @@SEP@@ @@7@@ that is containing @@11@@ @@SEP@@ if @@12@@ is in @@3@@	silverware @@SEP@@ jar of creamy pale yellow @@SEP@@ @@1@@ containing a creamy pale yellow substance @@SEP@@ if @@2@@ is in one image	0.8327179487179487	False
COMQA_train_cluster-2238-1	who was johnny maestro's first wife?	johnny maestro @@SEP@@ wives of @@1@@ @@SEP@@ the first of @@2@@	johnny maestro @@SEP@@ wives of @@1@@	0.4	False
CLEVR_train_14374	What shape is between the large sphere and the large cylinder?	sphere @@SEP@@ @@1@@ that is large @@SEP@@ cylinder @@SEP@@ @@3@@ that is large @@SEP@@ shapes @@SEP@@ @@5@@ that is between @@2@@ and @@4@@	shapes @@SEP@@ large cylinder @@SEP@@ @@1@@ between @@2@@ @@SEP@@ shape of @@3@@	0.7101010101010101	False
SPIDER_train_5580	"Find the product category description of the product category with code ""Spices""."	product categories @@SEP@@ codes of @@1@@ @@SEP@@ @@1@@ where @@2@@ is Spices @@SEP@@ description of @@3@@	product categories @@SEP@@ codes of @@1@@ @@SEP@@ @@1@@ where @@2@@ is 'Spices @@SEP@@ description of @@3@@	0.009615384615384609	False
COMQA_train_cluster-2051-1	what is the biggest state texas or alaska?	texas @@SEP@@ alaska @@SEP@@ size of @@1@@ @@SEP@@ size of @@2@@ @@SEP@@ which is the highest of @@3@@ , @@4@@	texas @@SEP@@ alaska @@SEP@@ size of @@1@@ @@SEP@@ size of @@2@@ @@SEP@@ which is the highest of @@3@@, @@4@@	0.0	True
ATIS_train_873	afternoon flights from boston to san francisco please that leave in the afternoon 	afternoon flights from boston @@SEP@@ @@1@@ to san francisco @@SEP@@ @@2@@ that leave in afternoon	afternoon flights from boston @@SEP@@ @@1@@ to san francisco @@SEP@@ @@2@@ that leave in afternoon	0.0	True
CLEVR_train_10070	what is the material of the object farthest to the right?	object @@SEP@@ @@1@@ that is farthest to the right @@SEP@@ material of @@2@@	object @@SEP@@ @@1@@ that are farthest to the right @@SEP@@ material of @@2@@	0.0	True
SPIDER_train_1174	How many elections are there?	elections @@SEP@@ number of @@1@@	elections @@SEP@@ @@1@@ of elections @@SEP@@ @@2@@	0.5	False
DROP_train_nfl_396_a56197fe-e871-4b3f-a279-8e49ca4ece63	How many yards was the second shortest touchdown pass?	touchdown passes @@SEP@@ yards of @@1@@ @@SEP@@ shortest of @@2@@ @@SEP@@ @@2@@ besides @@3@@ @@SEP@@ shortest of @@4@@	touchdown passes @@SEP@@ yards of @@1@@ @@SEP@@ the second shortest of @@2@@	0.52	False
NLVR2_train_train-8050-1-0	If there is a diver looking at a seal underwater	diver @@SEP@@ a seal @@SEP@@ @@1@@ looking at @@2@@ @@SEP@@ if @@3@@ is underwater	diver @@SEP@@ seal @@SEP@@ @@1@@ that is looking at @@2@@ @@SEP@@ the number of @@3@@ @@SEP@@ if @@4@@ is looking at @@3@@	0.38666666666666666	False
NLVR2_train_train-3819-1-0	If each image shows one round red balloon and one round green balloon side by side	balloon @@SEP@@ @@1@@ that is round @@SEP@@ @@2@@ that is red @@SEP@@ @@2@@ that is green @@SEP@@ @@3@@ that is side by side with @@4@@ @@SEP@@ images of @@5@@ @@SEP@@ number of @@5@@ for each @@6@@ @@SEP@@ @@6@@ where @@7@@ is equal to one @@SEP@@ number of @@8@@ @@SEP@@ images @@SEP@@ number of @@10@@ @@SEP@@ if @@9@@ is equal to @@11@@	balloon @@SEP@@ @@1@@ that is round @@SEP@@ @@2@@ that is red @@SEP@@ @@2@@ that is green @@SEP@@ @@3@@ that is side by side with @@4@@ @@SEP@@ images of @@5@@ @@SEP@@ number of @@5@@ for each @@6@@ @@SEP@@ @@6@@ where @@7@@ is equal to one @@SEP@@ number of @@8@@ @@SEP@@ images @@SEP@@ number of @@10@@ @@SEP@@ if @@9@@ is equal to @@11@@	0.0	True
DROP_train_history_709_930d511c-9550-440a-b6b6-4776ba1cb21c	Which volume of The Fear and Loathing Letters covered the shortet time span?	The Fear and Loathing Letters @@SEP@@ volumes of @@1@@ @@SEP@@ covered time spans of @@2@@ @@SEP@@ how short are @@3@@ @@SEP@@ @@2@@ where @@4@@ is the lowest	The Fear and Loathing Letters @@SEP@@ volumes of @@1@@ @@SEP@@ covered time spans of @@2@@ @@SEP@@ how short are @@3@@ @@SEP@@ @@2@@ where @@4@@ is the lowest	0.0	True
SPIDER_train_6220	How many different captain ranks are there?	ranks @@SEP@@ @@1@@ that are captain @@SEP@@ different @@2@@ @@SEP@@ number of @@3@@	ranks @@SEP@@ ranks of @@1@@ @@SEP@@ number of @@2@@	0.45804988662131524	False
COMQA_train_cluster-624-3	what networking protocol was first used by novell and is not supported by the internet?	networking protocol @@SEP@@ novell @@SEP@@ @@1@@ that was first used by @@2@@ @@SEP@@ the internet @@SEP@@ @@3@@ that is not supported by @@4@@	networking protocol @@SEP@@ novell @@SEP@@ @@1@@ that was first used by @@2@@ @@SEP@@ the internet @@SEP@@ @@3@@ that is not supported by @@4@@	0.0	True
DROP_train_nfl_1246_df551e80-7702-4651-907b-26ae028e1376	How many yards difference is there between the two longest field goals?	field goals @@SEP@@ yards of @@1@@ @@SEP@@ the two longest of @@2@@ @@SEP@@ the difference of @@3@@	field goals @@SEP@@ yards of @@1@@ @@SEP@@ the difference of @@2@@ and @@3@@	0.1978021978021978	False
NLVR2_train_train-9287-3-0	If eight compression socks with knee pads are visible.	compression socks @@SEP@@ knee pads @@SEP@@ @@1@@ with @@2@@ @@SEP@@ the number of @@3@@ @@SEP@@ if @@4@@ is equal to eight	the image on the right side @@SEP@@ socks with knee pads in @@1@@ @@SEP@@ eight socks with knee pads in @@2@@ @@SEP@@ number of @@3@@ @@SEP@@ If @@4@@ is equal to eight	0.4234567901234568	False
DROP_train_nfl_96_aec6f27a-b609-4cf3-9488-0be8a639e5c4	How many different receivers did Carson Palmer pass to for a touchdown?	Carson Palmer @@SEP@@ touchdown passes of @@1@@ @@SEP@@ different receivers of @@2@@ @@SEP@@ number of @@3@@	Carson Palmer @@SEP@@ touchdown passes of @@1@@ @@SEP@@ different receivers of @@2@@ @@SEP@@ number of @@3@@	0.0	True
SPIDER_train_1747	Return the names of the gymnasts.	gymnasts @@SEP@@ names of @@1@@	gymnasts @@SEP@@ names of @@1@@	0.0	True
DROP_train_nfl_2187_2f6a0977-1a59-4550-a72a-703e4f866ed5	How many successful field goals did Prater kick?	Prater @@SEP@@ successful field goals of @@1@@ @@SEP@@ number of @@2@@	Prater @@SEP@@ field goals of @@1@@ @@SEP@@ number of @@2@@	0.018181818181818188	False
NLVR2_train_train-253-3-1	If 3 canoes are stacked on a platform	canoes @@SEP@@ platform @@SEP@@ @@1@@ stacked on @@2@@ @@SEP@@ number of @@3@@ @@SEP@@ if @@4@@ is equal to 3	the image on the right @@SEP@@ the number of @@1@@ @@SEP@@ if @@2@@ is equal to three	0.583934583934584	False
ATIS_train_2765	okay what flights are there us air from orlando to cleveland leaving in the afternoon 	flights @@SEP@@ @@1@@ on us air @@SEP@@ @@2@@ from orlando @@SEP@@ @@3@@ to cleveland @@SEP@@ @@4@@ leaving in the afternoon	flights @@SEP@@ @@1@@ on us air @@SEP@@ @@2@@ from orlando @@SEP@@ @@3@@ to cleveland @@SEP@@ @@4@@ leaving in the afternoon	0.0	True
CLEVR_train_3739	Are more than a thrid of the objects blue?	objects @@SEP@@ @@1@@ that are blue @@SEP@@ number of @@1@@ @@SEP@@ number of @@2@@ @@SEP@@ thrid of @@3@@ @@SEP@@ is @@4@@ higher than @@5@@	objects @@SEP@@ @@1@@ that are blue @@SEP@@ number of @@2@@	0.5833333333333334	False
CLEVR_train_8494	Is there a cylinder and cube that are made of the same material?	cylinders @@SEP@@ materials of @@1@@ @@SEP@@ cylinders @@SEP@@ materials of @@3@@ @@SEP@@ if any @@4@@ and @@2@@ are made of the same material	cylinder @@SEP@@ cube @@SEP@@ materials of @@1@@ @@SEP@@ materials of @@2@@ @@SEP@@ if there is a @@3@@ that is the same as a @@4@@	0.16777777777777778	False
ATIS_train_4232	on the earliest flight from san francisco to atlanta on delta is a meal being served 	flights @@SEP@@ @@1@@ on delta @@SEP@@ @@2@@ from san francisco @@SEP@@ @@3@@ to atlanta @@SEP@@ when are @@4@@ @@SEP@@ @@4@@ where @@5@@ is the lowest @@SEP@@ if @@6@@ has a meal	flights @@SEP@@ @@1@@ on delta @@SEP@@ @@2@@ from san francisco @@SEP@@ @@3@@ to atlanta @@SEP@@ when are @@4@@ @@SEP@@ @@4@@ where @@5@@ is the lowest @@SEP@@ if @@6@@ has a meal	0.0	True
CLEVR_train_4096	How many spheres are present?	spheres @@SEP@@ number of @@1@@	spheres @@SEP@@ number of @@1@@	0.0	True
CLEVR_train_10383	how many cylinders are not gray or green?	cylinders @@SEP@@ @@1@@ that are gray @@SEP@@ @@1@@ that are green @@SEP@@ @@1@@ besides @@2@@ @@SEP@@ @@1@@ besides @@3@@ @@SEP@@ @@1@@ in both @@4@@ and @@5@@ @@SEP@@ number of @@6@@	cylinders @@SEP@@ @@1@@ that are not gray or green @@SEP@@ number of @@2@@	0.748868778280543	False
CLEVR_train_7594	What shape is the furthest back?	shape @@SEP@@ @@1@@ that is furthest back	shapes @@SEP@@ @@1@@ that are furthest back	0.0	True
NLVR2_train_train-10896-1-0	If one hyena is lying on the ground with a baby near it in the image on the right.	the image on the right @@SEP@@ hyena in @@1@@ @@SEP@@ the ground in @@1@@ @@SEP@@ @@2@@ that is a baby @@SEP@@ @@2@@ lying on @@3@@ @@SEP@@ @@5@@ with @@4@@ near it @@SEP@@ number of @@6@@ @@SEP@@ if @@7@@ is equal to one	hyena @@SEP@@ @@1@@ that is lying on the ground @@SEP@@ @@2@@ that is near @@1@@ @@SEP@@ @@3@@ that is with @@1@@ @@SEP@@ @@4@@ that is with @@1@@ @@SEP@@ @@5@@ that is with @@1@@ @@SEP@@ @@6@@ that is with @@1@@ @@SEP@@ @@7@@ that is with @@1@@ @@SEP@@ @@8@@ that is with @@1@@ @@SEP@@ @@9@@ that is with @@1@@ @@SEP@@ @@10@@ that is with @@1@@ @@SEP@@ @@11@@ that is with @@1@@ @@SEP@@ @@12@@ that is with @@1@@ @@SEP@@ @@13@@ that is with @@1@@ @@SEP@@ @@14@@ that is with @@1@@ @@SEP@@ @@15@@ that is with @@1@@ @@SEP@@ @@16@@ that is with @@1@@ @@SEP@@ @@17@@ that is with @@1@@ @@SEP@@ @@18@@ that is with @@1@@ @@SEP@@ @@19@@ that is with @@1@@ @@SEP@@ @@20@@ that is with @@1@@ @@SEP@@ @@21@@ that is with @@1@@ @@SEP@@ @@22@@ that is with @@1@@ @@SEP@@ @@23@@ that is with @@1@@ @@SEP@@ @@24@@ that is with @@1@@ @@SEP@@ @@25@@ that is with @@1@@ @@SEP@@ @@26@@ that is with @@1@@ @@SEP@@ @@27@@ that is with @@1@@ @@SEP@@ @@28@@ that is with @@1@@ @@SEP@@ @@29@@ that is with @@1@@ @@SEP@@ @@30@@ that is with @@1@@ @@SEP@@ @@31@@ that is with @@1@@ @@SEP@@ @@32@@ that is with @@1@@ @@SEP@@ @@33@@ that is with @@1@@ @@SEP@@ @@34@@ that is with @@1@@ @@SEP@@ @@35@@ that is with @@1@@ @@SEP@@ @@36@@ that is with @@1@@ @@SEP@@ @@37@@ that is with @@1@@ @@SEP@@ @@38@@ that is with @@1@@ @@SEP@@ @@39@@ that is with @@1@@ @@SEP@@ @@40@@ that is with @@1@@ @@SEP@@ @@41@@ that is with @@1@@ @@SEP@@ @@42@@ that is with @@1@@ @@SEP@@ @@43@@ that is with @@1@@ @@SEP@@ @@44@@ that is with @@1@@ @@SEP@@ @@45@@ that is with @@1@@ @@SEP@@ @@46@@ that is		False
COMQA_train_cluster-3580-1	what movies has anthony hopkins appeared in?	anthony hopkins @@SEP@@ movies of @@1@@	anthony hopkins @@SEP@@ movies of @@1@@	0.0	True
COMQA_train_cluster-3955-1	what was stevie wonder's first song that he wrote?	stevie wonder @@SEP@@ songs of @@1@@ @@SEP@@ @@2@@ that @@1@@ wrote @@SEP@@ the first of @@3@@	stevie wonder @@SEP@@ songs of @@1@@ @@SEP@@ the first of @@2@@	0.46944444444444444	False
CLEVR_train_2393	Are there more shiny objects than there are big things?	shiny objects @@SEP@@ big things @@SEP@@ number of @@1@@ @@SEP@@ number of @@2@@ @@SEP@@ is @@3@@ higher than @@4@@	shiny objects @@SEP@@ big things @@SEP@@ number of @@1@@ @@SEP@@ number of @@2@@ @@SEP@@ is @@3@@ higher than @@4@@	0.0	True
CLEVR_train_6739	What color is the thing that is to the left of the red cylinder that is not shiny and can roll?	the red cylinder @@SEP@@ things @@SEP@@ @@2@@ that are to the left of @@1@@ @@SEP@@ @@3@@ that can roll @@SEP@@ @@4@@ that are shiny @@SEP@@ @@4@@ besides @@5@@ @@SEP@@ the color of @@6@@	red cylinder @@SEP@@ @@1@@ that is not shiny and can roll @@SEP@@ color of @@2@@	0.7562358276643991	False
SPIDER_train_4758	Return the names and ids of customers who have TN in their address.	customers @@SEP@@ addresses of @@1@@ @@SEP@@ @@1@@ where @@2@@ has TN @@SEP@@ names of @@3@@ @@SEP@@ ids of @@3@@ @@SEP@@ @@4@@ , @@5@@	customers @@SEP@@ @@1@@ with TN in their address @@SEP@@ names of @@2@@ @@SEP@@ ids of @@2@@ @@SEP@@ @@3@@, @@4@@	0.3609467455621302	False
NLVR2_train_train-11548-1-1	If both images have pink lemonade in glass dishes.	lemonade @@SEP@@ @@1@@ that is pink @@SEP@@ dishes @@SEP@@ @@3@@ that are glass @@SEP@@ @@2@@ in @@4@@ @@SEP@@ if @@5@@ is in both images	the images @@SEP@@ pink lemonade in @@1@@ @@SEP@@ the glasses of lemonade in @@1@@ @@SEP@@ if @@2@@ are in one of the images	0.7487373737373737	False
DROP_train_nfl_57_e9abc20e-d56d-48d3-b5c0-70cad5e65b11	How many points were the Bills trailing by at halftime?	the Bills @@SEP@@ points trailing by of @@1@@ @@SEP@@ @@2@@ at halftime	the Bills @@SEP@@ points trailing by of @@1@@ @@SEP@@ @@2@@ at halftime	0.0	True
CLEVR_train_15593	are there more spheres or cubes in the image	spheres @@SEP@@ cubes @@SEP@@ number of @@1@@ @@SEP@@ number of @@2@@ @@SEP@@ which is highest of @@3@@ , @@4@@	spheres @@SEP@@ cubes @@SEP@@ number of @@1@@ @@SEP@@ number of @@2@@ @@SEP@@ if @@3@@ is higher than @@4@@	0.05185185185185185	False
NLVR2_train_train-3792-1-0	If any cups in the left image are solid white and any cups in the right image are not solid white.	the left image @@SEP@@ cups in @@1@@ @@SEP@@ @@2@@ that are solid white @@SEP@@ number of @@3@@ @@SEP@@ if @@4@@ is at least one @@SEP@@ the right image @@SEP@@ cups in @@6@@ @@SEP@@ @@7@@ that are solid white @@SEP@@ @@7@@ besides @@8@@ @@SEP@@ number of @@9@@ @@SEP@@ if @@10@@ is at least one @@SEP@@ if both @@5@@ and @@11@@ are true	the left image @@SEP@@ cups in @@1@@ @@SEP@@ @@2@@ that are solid white @@SEP@@ number of @@3@@ @@SEP@@ if @@4@@ is at least one @@SEP@@ the right image @@SEP@@ cups in @@6@@ @@SEP@@ @@7@@ that are solid white @@SEP@@ @@7@@ besides @@8@@ @@SEP@@ number of @@9@@ @@SEP@@ if @@10@@ is at least one @@SEP@@ if both @@5@@ and @@11@@ are true	0.0	True
CLEVR_train_15011	What is the shape of the large blue object on the far left?	blue object @@SEP@@ @@1@@ that is large @@SEP@@ @@2@@ on the far left @@SEP@@ shape of @@3@@	blue object @@SEP@@ @@1@@ that is large @@SEP@@ @@2@@ on the far left @@SEP@@ shape of @@3@@	0.0	True
COMQA_train_cluster-661-4	siblings of chris brown?	chris brown @@SEP@@ siblings of @@1@@	chris brown @@SEP@@ siblings of @@1@@	0.0	True
SPIDER_train_688	What are the full names of customers who have accounts?	customers @@SEP@@ @@1@@ who have accounts @@SEP@@ full names of @@2@@	customers @@SEP@@ accounts of @@1@@ @@SEP@@ @@1@@ who have accounts @@SEP@@ full names of @@2@@ @@SEP@@ @@1@@ where @@3@@ is @@2@@ @@SEP@@ @@1@@ where @@3@@ is @@2@@ @@SEP@@ @@1@@ where @@3@@ is @@2@@ @@SEP@@ @@1@@ where @@3@@ is @@2@@ @@SEP@@ @@1@@ where @@3@@ is @@2@@ @@SEP@@ @@1@@ where @@3@@ is @@2@@ @@SEP@@ @@1@@ where @@3@@ is @@2@@ @@SEP@@ @@1@@ where @@3@@ is @@2@@ @@SEP@@ @@1@@ where @@3@@ is @@2@@ @@SEP@@ @@1@@ where @@3@@ is @@2@@ @@SEP@@ @@1@@ where @@3@@ is @@2@@ @@SEP@@ @@1@@ where @@3@@ is @@2@@ @@SEP@@ @@1@@ where @@3@@ is @@2@@ @@SEP@@ @@1@@ where @@3@@ is @@2@@ @@SEP@@ @@1@@ where @@3@@ is @@2@@ @@SEP@@ @@1@@ where @@3@@ is @@2@@ @@SEP@@ @@1@@ where @@3@@ is @@2@@ @@SEP@@ @@1@@ where @@3@@ is @@2@@ @@SEP@@ @@1@@ where @@3@@ is @@2@@ @@SEP@@ @@1@@ where @@3@@ is @@2@@ @@SEP@@ @@1@@ where @@3@@ is @@2@@ @@SEP@@ @@1@@ where @@3@@ is @@2@@ @@SEP@@ @@1@@ where @@3@@ is @@2@@ @@SEP@@ @@1@@ where @@3@@ is @@2@@ @@SEP@@ @@1@@ where @@3@@ is @@2@@ @@SEP@@ @@1@@ where @@3@@ is @@2@@ @@SEP@@ @@1@@ where @@3@@ is @@2@@ @@SEP@@ @@1@@ where @@3@@ is @@2@@ @@SEP@@ @@1@@ where @@3@@ is @@2@@ @@SEP@@ @@1@@ where @@3@@ is @@2@@ @@SEP@@ @@1@@ where @@3@@ is @@2@@ @@SEP@@ @@1@@ where @@3@@ is @@2@@ @@SEP@@ @@1@@ where @@3@@ is @@2@@ @@SEP@@ @@1@@ where @@3@@ is @@2@@ @@SEP@@ @@1@@ where @@3@@ is @@2@@ @@SEP@@ @@1@@ where @@3@@ is @@2@@ @@SEP@@ @@1@@ where @@3@@ is @@2@@ @@SEP@@ @@1@@ where @@3@@ is @@2@@ @@SEP@@ @@1@@ where @@3@@ is @@2@@ @@SEP@@ @@1@@ where @@3@@ is @@2@@ 45	0.9738704409363091	False
NLVR2_train_train-11127-0-1	If the left image features one golden and one black colored labrador while the right image contains two chocolate or black lab puppies.	the left image @@SEP@@ labradors in @@1@@ @@SEP@@ color of @@2@@ @@SEP@@ @@2@@ where @@3@@ is golden @@SEP@@ @@2@@ where @@3@@ is black @@SEP@@ number of @@4@@ @@SEP@@ number of @@5@@ @@SEP@@ if @@6@@ is equal to one @@SEP@@ if @@7@@ is equal to one @@SEP@@ if both @@8@@ and @@9@@ are true @@SEP@@ the right image @@SEP@@ labradors in @@11@@ @@SEP@@ @@12@@ that are puppies @@SEP@@ color of @@13@@ @@SEP@@ @@13@@ where @@14@@ is chocolate @@SEP@@ @@13@@ where @@14@@ is black @@SEP@@ @@15@@ , @@16@@ @@SEP@@ number of @@17@@ @@SEP@@ if @@18@@ is equal to two @@SEP@@ if both @@10@@ and @@19@@ are true	the left image @@SEP@@ the right image @@SEP@@ one golden colored labrador in @@1@@ @@SEP@@ one chocolate or black labrador in @@2@@ @@SEP@@ number of @@3@@ @@SEP@@ number of @@4@@ @@SEP@@ if @@5@@ is equal to @@6@@		False
DROP_train_nfl_1440_df4f0270-686c-47cd-9dca-3b5b6a34267c	How many games did the Broncos lose before playing the Giants?	the Broncos @@SEP@@ games lost of @@1@@ @@SEP@@ @@2@@ before playing the Giants	the Broncos @@SEP@@ games lost before playing the Giants @@SEP@@ number of @@2@@	0.45999999999999996	False
NLVR2_train_train-1476-0-0	If at least one musician is playing the flute.	musician @@SEP@@ flute @@SEP@@ @@1@@ playing @@2@@ @@SEP@@ the number of @@3@@ @@SEP@@ if @@4@@ is at least one	musicians @@SEP@@ flute @@SEP@@ @@1@@ that is playing @@2@@ @@SEP@@ if @@3@@ is in one of the images	0.3238095238095238	False
NLVR2_train_train-9990-2-0	If each image shows a single forward-turned ferret, and at least one ferret has solid-white fur.	images @@SEP@@ ferrets in @@1@@ @@SEP@@ @@2@@ that are forward-turned @@SEP@@ number of @@3@@ for each @@1@@ @@SEP@@ @@1@@ where @@4@@ is equal to one @@SEP@@ number of @@5@@ @@SEP@@ number of @@1@@ @@SEP@@ if @@6@@ is equal to @@7@@ @@SEP@@ fur of @@2@@ @@SEP@@ @@2@@ where @@9@@ is solid-white @@SEP@@ number of @@10@@ @@SEP@@ if @@11@@ is at least one @@SEP@@ if both @@8@@ and @@12@@ are true	ferrets @@SEP@@ @@1@@ that are solid-white @@SEP@@ @@2@@ that are forward-turned @@SEP@@ if @@3@@ are in the left image @@SEP@@ the right image @@SEP@@ ferrets in @@5@@ @@SEP@@ @@6@@ that are solid-white @@SEP@@ number of @@7@@ @@SEP@@ if @@8@@ is equal to one @@SEP@@ if both @@4@@ and @@9@@ are true		False
NLVR2_train_train-6333-3-1	If the right image shows an opened flip phone.	right image @@SEP@@ flip phone in @@1@@ @@SEP@@ @@2@@ that is opened @@SEP@@ number of @@3@@ @@SEP@@ if @@4@@ is at least one	right image @@SEP@@ flip phone of @@1@@ @@SEP@@ if @@2@@ is open	0.5111111111111111	False
CLEVR_train_3812	What color is the object behind the brown thing and the same shape as the object next to the green rubber cube?	thing @@SEP@@ @@1@@ that is brown @@SEP@@ cube @@SEP@@ @@3@@ that is green @@SEP@@ @@4@@ that is rubber @@SEP@@ object @@SEP@@ @@6@@ that is next to @@5@@ @@SEP@@ shape of @@7@@ @@SEP@@ @@6@@ behind @@2@@ @@SEP@@ @@7@@ where shape is same as @@8@@ @@SEP@@ color of @@10@@	the brown thing @@SEP@@ the object that is behind @@1@@ @@SEP@@ the shape of @@2@@	0.8358585858585859	False
ATIS_train_2176	what is the cheapest way to travel round trip from milwaukee to san francisco 	flights @@SEP@@ @@1@@ from milwaukee @@SEP@@ @@2@@ to san francisco @@SEP@@ @@3@@ that are round trip @@SEP@@ price of @@4@@ @@SEP@@ @@4@@ where @@5@@ is lowest	flights @@SEP@@ @@1@@ from milwaukee to san francisco @@SEP@@ @@2@@ from milwaukee to san francisco @@SEP@@ @@3@@ from milwaukee to san francisco @@SEP@@ @@4@@ from milwaukee to san francisco @@SEP@@ @@5@@ from milwaukee to san francisco @@SEP@@ @@6@@ from milwaukee to san francisco @@SEP@@ @@7@@ from milwaukee to san francisco @@SEP@@ @@8@@ from milwaukee to san francisco @@SEP@@ @@9@@ from milwaukee to san francisco @@SEP@@ @@10@@ from milwaukee to san francisco @@SEP@@ @@11@@ from milwaukee to san francisco @@SEP@@ @@12@@ from milwaukee to san francisco @@SEP@@ @@13@@ from milwaukee to san francisco @@SEP@@ @@14@@ from milwaukee to san francisco @@SEP@@ @@15@@ from milwaukee to san francisco @@SEP@@ @@16@@ from milwaukee to san francisco @@SEP@@ @@17@@ from milwaukee to san francisco @@SEP@@ @@18@@ from milwaukee to san francisco @@SEP@@ @@19@@ from milwaukee to san francisco @@SEP@@ @@20@@ from milwaukee to san francisco @@SEP@@ @@21@@ from milwaukee to san francisco @@SEP@@ @@22@@ from milwaukee to san francisco @@SEP@@ @@23@@ from milwaukee to san francisco @@SEP@@ @@24@@ from milwaukee to san francisco @@SEP@@ @@25@@ from milwaukee to san francisco @@SEP@@ @@26@@ from milwaukee to san francisco @@SEP@@ @@27@@ from milwaukee to san francisco @@SEP@@ @@28@@ from milwaukee to san francisco @@SEP@@ @@29@@ from milwaukee to san francisco @@SEP@@ @@30@@ from milwaukee to san francisco @@SEP@@ @@31@@ from milwaukee to san francisco @@SEP@@ @@32@@ from milwaukee to san francisco @@SEP@@ @@33@@ from milwaukee to san francisco @@SEP@@ @@34@@ from milwaukee to san francisco @@SEP@@ @@35@@ from milwaukee to san francisco @@SEP@@ @@36@@ from milwaukee to san francisco @@SEP@@ @@37@@ from milwaukee to san francisco @@SEP@@ @@38@@ from milwaukee to san francisco @@SEP@@ @@39@@ from milwaukee to san francisco @@SEP@@ @@40@@ from milwaukee to san francisco @@SEP@@ @@41@@ from milwaukee to san francisco @@SEP@@ @@42@@ from milwaukee to san francisco @@SEP@@ @@43@@ from milwaukee to san francisco @@SEP@@ @@44@@ from milwaukee to san francisco @@SEP@@ @@45@@ from milwaukee to san francisco @@SEP@@ @@46@@ from milwaukee to san francisco @@SEP@@ @@47@@ from milwaukee to san francisco 49		False
COMQA_train_cluster-1243-1	what is the capital and largest city in syria?	syria @@SEP@@ cities of @@1@@ @@SEP@@ @@2@@ that is the capital @@SEP@@ size of @@2@@ @@SEP@@ @@2@@ where @@4@@ is highest @@SEP@@ city in both @@3@@ and @@5@@	syria @@SEP@@ cities of @@1@@ @@SEP@@ @@2@@ that is the capital @@SEP@@ size of @@2@@ @@SEP@@ @@2@@ where @@4@@ is highest @@SEP@@ city in both @@3@@ and @@5@@	0.0	True
CLEVR_train_6808	What color is the matte object located to the left of the gold cube?	objects @@SEP@@ @@1@@ that are matte @@SEP@@ cubes @@SEP@@ @@3@@ that are gold @@SEP@@ @@2@@ that are to the left of @@4@@ @@SEP@@ color of @@5@@	gold cube @@SEP@@ matte object located to the left of @@1@@ @@SEP@@ color of @@2@@	0.6767676767676768	False
CLEVR_train_2512	What is the color of the shortest object?	objects @@SEP@@ @@1@@ that is shortest @@SEP@@ color of @@2@@	shortest objects @@SEP@@ the color of @@1@@ @@SEP@@ @@1@@ where @@2@@ is the shortest @@SEP@@ the color of @@3@@	0.4833333333333334	False
SPIDER_train_5007	What are the names of all students who successfully tried out for the position of striker?	students @@SEP@@ positions @@1@@ successfully tried out for @@SEP@@ @@1@@ where @@2@@ is striker @@SEP@@ the names of @@3@@	students @@SEP@@ @@1@@ who successfully tried out for striker position @@SEP@@ @@1@@ who got a yes tryout decision @@SEP@@ @@1@@ of both @@2@@ and @@3@@ @@SEP@@ the names of @@4@@ @@SEP@@ @@1@@ of both @@3@@ and @@5@@ @@SEP@@ the names of @@6@@	0.5949095022624435	False
SPIDER_train_2336	"What is the campus fee of ""San Jose State University"" in year 1996?"	campus fees @@SEP@@ @@1@@ of San Jose University @@SEP@@ @@2@@ in year 1996	San Jose State University @@SEP@@ campus fees of @@1@@ @@SEP@@ @@2@@ in year 1996	0.3136363636363636	False
COMQA_train_cluster-121-4	who is forty four president of the us?	presidents of the us @@SEP@@ forty four of @@1@@	the us @@SEP@@ presidents of @@1@@ @@SEP@@ the forty-fourth of @@2@@	0.5166666666666667	False
NLVR2_train_train-11929-1-1	If there are no more than 3 graduates pictured.	graduates @@SEP@@ number of @@1@@ @@SEP@@ if @@2@@ is at most 3	graduates @@SEP@@ number of @@1@@ @@SEP@@ if @@2@@ is at most 3	0.0	True
GEO_train_369	what are the major cities of the united states 	cities @@SEP@@ @@1@@ of the united states @@SEP@@ major @@2@@	cities @@SEP@@ @@1@@ in the united states @@SEP@@ @@2@@ that are major	0.18333333333333332	False
SPIDER_train_387	Show origins of all flights with destination Honolulu.	flights @@SEP@@ destinations of @@1@@ @@SEP@@ @@1@@ where @@2@@ is Honolulu @@SEP@@ origins of @@3@@	origins of @@SEP@@ @@1@@ with destination Honolulu @@SEP@@ origins of @@2@@	0.5166396103896104	False
DROP_train_history_1338_b5a02eb3-b8a6-42e9-9bc8-89805b771072	Which had more men, the alliance or Brandenburg?	the alliance @@SEP@@ men in @@1@@ @@SEP@@ Brandenburg @@SEP@@ men in @@3@@ @@SEP@@ number of @@2@@ @@SEP@@ number of @@4@@ @@SEP@@ which is highest of @@5@@ , @@6@@	the alliance @@SEP@@ the Brandenburg @@SEP@@ the number of @@1@@ @@SEP@@ the number of @@2@@ @@SEP@@ which is the highest of @@3@@, @@4@@	0.4743948861595921	False
CLEVR_train_6568	Are there any blue objects larger than the red matte thing?	blue objects @@SEP@@ red matte thing @@SEP@@ are there any @@1@@ larger than @@2@@	blue objects @@SEP@@ @@1@@ that are larger than @@2@@	0.6933333333333334	False
CLEVR_train_5123	What is the color of the object that has the same shape as the big cylinder?	objects @@SEP@@ big cylinder @@SEP@@ shape of @@1@@ @@SEP@@ shape of @@2@@ @@SEP@@ @@1@@ where @@3@@ is the same as @@4@@ @@SEP@@ color of @@5@@	the big cylinder @@SEP@@ the object that has the same shape as @@1@@ @@SEP@@ color of @@2@@	0.70796783625731	False
DROP_train_nfl_1619_f32e7dae-c987-4742-8d8c-3989e12aff7c	Who scored the longest TD play for Pittsburgh?	Pittsburgh @@SEP@@ TD plays of @@1@@ @@SEP@@ longest of @@2@@ @@SEP@@ who scored @@3@@	TD plays @@SEP@@ longest of @@1@@ @@SEP@@ who scored @@2@@	0.42857142857142855	False
CLEVR_train_6389	What is the shape of the object to the right of the red cube?	red cube @@SEP@@ object to the right of @@1@@ @@SEP@@ shape of @@2@@	the red object @@SEP@@ the red object @@SEP@@ the red object @@SEP@@ the red object @@SEP@@ the red object @@SEP@@ the red object @@SEP@@ the red object @@SEP@@ the red object @@SEP@@ the red object @@SEP@@ the red object @@SEP@@ the red object @@SEP@@ the red object @@SEP@@ the red object @@SEP@@ the red object @@SEP@@ the red object @@SEP@@ the red object @@SEP@@ the red object @@SEP@@ the red object @@SEP@@ the red object @@SEP@@ the red object @@SEP@@ the red object @@SEP@@ the red object @@SEP@@ the red object @@SEP@@ the red object @@SEP@@ the red object @@SEP@@ the red object @@SEP@@ the red object @@SEP@@ the red object @@SEP@@ the red object @@SEP@@ the red object @@SEP@@ the red object @@SEP@@ the red object @@SEP@@ the red object @@SEP@@ the red object @@SEP@@ the red object @@SEP@@ the red object @@SEP@@ the red object @@SEP@@ the red object @@SEP@@ the red object @@SEP@@ the red object @@SEP@@ the red object @@SEP@@ the red object @@SEP@@ the red object @@SEP@@ the red object @@SEP@@ the red object @@SEP@@ the red object @@SEP@@ the red object @@SEP@@ the red object @@SEP@@ the red object @@SEP@@ the red object @@SEP@@ the red object @@SEP@@ the red object @@SEP@@ the red object @@SEP@@ the red object @@SEP@@ the red object @@SEP@@ the red object @@SEP@@ the red object @@SEP@@ the red object @@SEP@@ the red object @@SEP@@ the red object @@SEP@@ the red object @@SEP@@ the red object @@SEP@@ the red object @@SEP@@ the red object @@SEP@@ the red object @@SEP@@ the red object @@SEP@@ the red object @@SEP@@ the red object @@SEP@@ the red object @@SEP@@ the red object @@SEP@@ the red object @@SEP@@ the red object @@SEP@@ the red object @@SEP@@ the red object @@SEP@@ the red object @@SEP@@ the red object @@SEP@@ the red object 78#)	1.0105835722718841	False
DROP_train_nfl_2499_587ce58f-a842-47c8-807f-df2d61b9db3b	How many rushing yards below their season average did the Chiefs run for?	the Chiefs @@SEP@@ rushing yards of @@1@@ @@SEP@@ sum of @@2@@ @@SEP@@ the season average of rushing yards of @@1@@ @@SEP@@ the difference of @@3@@ and @@4@@	the Chiefs @@SEP@@ rushing yards of @@1@@ @@SEP@@ sum of @@2@@ @@SEP@@ the season average of rushing yards of @@1@@ @@SEP@@ the difference of @@3@@ and @@4@@	0.0	True
SPIDER_train_3198	How many different departments are there in each school that has less than 5 apartments?	schools @@SEP@@ apartments of @@1@@ @@SEP@@ number of @@2@@ for each @@1@@ @@SEP@@ @@1@@ where @@3@@ is lower than 5 @@SEP@@ departments of @@4@@ @@SEP@@ different @@5@@ @@SEP@@ number of @@6@@	schools @@SEP@@ apartments of @@1@@ @@SEP@@ number of @@2@@ for each @@1@@	0.6	False
GEO_train_52	which states does the missouri river pass through 	the missouri river @@SEP@@ states that @@1@@ pass through	states @@SEP@@ @@1@@ that the missouri river passes through	0.3650793650793651	False
CLEVR_train_3111	What shape is the object that is the same color as the object blocked by a brown cylinder?	objects @@SEP@@ brown cylinder @@SEP@@ @@1@@ blocked by @@2@@ @@SEP@@ colors of @@1@@ @@SEP@@ color of @@3@@ @@SEP@@ @@1@@ where @@4@@ is the same as @@5@@ @@SEP@@ shape of @@6@@	brown cylinder @@SEP@@ object that is the same color as @@1@@ blocked by @@2@@	0.815	False
SPIDER_train_90	What are the ids of the students who registered for course 301 most recently?	students @@SEP@@ @@1@@ who registered for course 301 @@SEP@@ @@2@@ most recently @@SEP@@ ids of @@3@@	students @@SEP@@ @@1@@ who registered for course 301 @@SEP@@ @@2@@ most recently @@SEP@@ ids of @@3@@	0.0	True
DROP_train_history_2800_7a5058f0-eddb-4339-815b-7c1abc25c8ec	How many more people were of American ancestry compared to those of either French or Italian descent?	people @@SEP@@ @@1@@ that have American ancestry @@SEP@@ @@1@@ that have French descent @@SEP@@ @@1@@ that have Italian descent @@SEP@@ number of @@2@@ @@SEP@@ number of @@3@@ @@SEP@@ number of @@4@@ @@SEP@@ sum of @@6@@ and @@7@@ @@SEP@@ the difference of @@5@@ and @@8@@	people @@SEP@@ @@1@@ that were French or Italian American @@SEP@@ percent of @@2@@ @@SEP@@ difference of 100 and @@3@@	0.695054945054945	False
ATIS_train_792	please list the flights from charlotte to long beach arriving after lunch time 	flights @@SEP@@ @@1@@ from charlotte @@SEP@@ @@2@@ to long beach @@SEP@@ @@3@@ arriving after lunch time	flights @@SEP@@ @@1@@ from charlotte @@SEP@@ @@2@@ to long beach @@SEP@@ @@3@@ after lunchtime @@SEP@@ @@4@@ on charlotte	0.26666666666666666	False
ATIS_train_2819	i'd like to go from boston to pittsburgh to find the cheapest flight 	flights @@SEP@@ @@1@@ from boston @@SEP@@ @@2@@ to pittsburgh @@SEP@@ @@3@@ that is the cheapest	flights @@SEP@@ @@1@@ from boston to pittsburgh @@SEP@@ @@2@@ to pittsburgh @@SEP@@ @@3@@ on wednesday @@SEP@@ @@4@@ out of boston @@SEP@@ @@5@@ arriving in the vicinity of 5pm	0.43636363636363634	False
CLEVR_train_11014	how many objects are in a line on the right side of the screen?	objects @@SEP@@ @@1@@ in a line @@SEP@@ @@2@@ on the right side of the screen @@SEP@@ number of @@3@@	objects @@SEP@@ number of @@1@@	0.6825396825396826	False
NLVR2_train_train-10445-1-0	If at least one dog has no visible collar on.	dog @@SEP@@ collar of @@1@@ @@SEP@@ @@2@@ that is visible @@SEP@@ @@1@@ that has @@3@@ @@SEP@@ @@1@@ besides @@4@@ @@SEP@@ number of @@5@@ @@SEP@@ if @@6@@ is at least one	dog @@SEP@@ @@1@@ that has no visible collar in @@2@@ @@SEP@@ if @@3@@ is at least one	0.6905982905982906	False
NLVR2_train_train-7230-2-0	If in one of the images, the snow plow is not pushing snow.	snow plow @@SEP@@ snow @@SEP@@ @@1@@ not pushing @@2@@ @@SEP@@ if @@3@@ is in one of the images	snow plow @@SEP@@ @@1@@ that is not pushing up @@3@@ @@SEP@@ @@2@@ that is not pushing up @@4@@ @@SEP@@ @@3@@ that is not pushing up @@4@@ @@SEP@@ if @@5@@ is not in the image	0.5496983408748114	False
CWQ_train_WebQTrn-1699_7f2874d47e29b725668c81e6a73e86ff	What currency is used in the country where Dreher Classic beer is made?	countries @@SEP@@ @@1@@ where Dreher Classic beer is made @@SEP@@ currency of @@2@@	Dreher Classic beer @@SEP@@ country where @@1@@ is made @@SEP@@ currency of @@2@@	0.21904761904761907	True
ATIS_train_3536	what is the earliest flight that eastern has between boston and washington 	flight @@SEP@@ @@1@@ that is earliest @@SEP@@ @@2@@ on eastern @@SEP@@ @@3@@ between boston and washington	flights @@SEP@@ @@1@@ from eastern @@SEP@@ @@2@@ from washington @@SEP@@ @@3@@ from eastern	0.2365079365079365	False
COMQA_train_cluster-735-1	highest point of elevation in france?	france @@SEP@@ points of elevation of @@1@@ @@SEP@@ height of @@2@@ @@SEP@@ @@2@@ where @@3@@ is highest	france @@SEP@@ points of @@1@@ @@SEP@@ height of @@2@@ @@SEP@@ @@2@@ where @@3@@ is the highest	0.0346153846153846	False
SPIDER_train_844	Find the average unit price of jazz tracks.	jazz tracks @@SEP@@ prices of @@1@@ @@SEP@@ average of @@2@@	tracks @@SEP@@ @@1@@ from jazz genre @@SEP@@ unit prices of @@2@@ @@SEP@@ average of @@3@@	0.4404761904761905	False
DROP_train_history_535_dd62240c-1022-42cf-ba24-8461ec227b0b	How many days did it take for Parliament to accept Finland's Declaration of Independence?	Finland 's Declaration of Independence @@SEP@@ days that it take for Parliament to accept @@1@@ @@SEP@@ number of @@2@@	Parliament accepted Finland's Declaration of Independence @@SEP@@ days of @@1@@ @@SEP@@ number of @@2@@	0.14285714285714285	False
SPIDER_train_6138	What are names of customers who never ordered product Latte.	customers @@SEP@@ products @@1@@ ordered @@SEP@@ @@1@@ where @@2@@ is Latte @@SEP@@ @@1@@ besides @@3@@ @@SEP@@ names of @@4@@	customers @@SEP@@ @@1@@ who never ordered product Latte @@SEP@@ @@2@@ who never ordered product Latte @@SEP@@ names of @@3@@	0.5096948506039415	False
SPIDER_train_1709	For each user, return the name and the average rating of reviews given by them.	users @@SEP@@ names of @@1@@ @@SEP@@ reviews of @@1@@ @@SEP@@ ratings of @@3@@ @@SEP@@ the average of @@4@@ for each @@1@@ @@SEP@@ @@2@@ , @@5@@	users @@SEP@@ @@1@@ that have given reviews @@SEP@@ @@1@@ where @@2@@ is average @@SEP@@ @@1@@ where @@2@@ is average @@SEP@@ @@1@@ where @@2@@ is average @@SEP@@ @@1@@ where @@2@@ is average @@SEP@@ @@1@@ where @@2@@ is average @@SEP@@ @@1@@ where @@2@@ is average @@SEP@@ @@1@@ where @@2@@ is average @@SEP@@ @@1@@ where @@2@@ is average @@SEP@@ @@1@@ where @@2@@ is average @@SEP@@ @@1@@ where @@2@@ is average @@SEP@@ @@1@@ where @@2@@ is average @@SEP@@ @@1@@ where @@2@@ is average @@SEP@@ @@1@@ where @@2@@ is average @@SEP@@ @@1@@ where @@2@@ is average @@SEP@@ @@1@@ where @@2@@ is average @@SEP@@ @@1@@ where @@2@@ is average @@SEP@@ @@1@@ where @@2@@ is average @@SEP@@ @@1@@ where @@2@@ is average @@SEP@@ @@1@@ where @@2@@ is average @@SEP@@ @@1@@ where @@2@@ is average @@SEP@@ @@1@@ where @@2@@ is average @@SEP@@ @@1@@ where @@2@@ is average @@SEP@@ @@1@@ where @@2@@ is average @@SEP@@ @@1@@ where @@2@@ is average @@SEP@@ @@1@@ where @@2@@ is average @@SEP@@ @@1@@ where @@2@@ is average @@SEP@@ @@1@@ where @@2@@ is average @@SEP@@ @@1@@ where @@2@@ is average @@SEP@@ @@1@@ where @@2@@ is average @@SEP@@ @@1@@ where @@2@@ is average @@SEP@@ @@1@@ where @@2@@ is average @@SEP@@ @@1@@ where @@2@@ is average @@SEP@@ @@1@@ where @@2@@ is average @@SEP@@ @@1@@ where @@2@@ is average @@SEP@@ @@1@@ where @@2@@ is average @@SEP@@ @@1@@ where @@2@@ is average @@SEP@@ @@1@@ where @@2@@ is average @@SEP@@ @@1@@ where @@2@@ is average @@SEP@@ @@1@@ where @@2@@ is average @@SEP@@ @@1@@ where @@2@@ is average @@SEP@@ @@1@@ where @@2@@ is average @@SEP@@ @@1@@ where @@2@@ is average @@SEP@@ @@1@@ where @@2@@ is average @@SEP@@ @@1@@ where @@2@@ is average @@SEP@@ @@1@@ where @@2@@ is average @@SEP@@ @@1@@ where @@2@@ is average 49		False
ATIS_train_1293	which airlines are represented in the database 	airlines @@SEP@@ @@1@@ represented in the database	airlines @@SEP@@ @@1@@ represented in the database	0.0	True
NLVR2_train_train-3358-2-0	If someone is wearing a hat in both images.	someone @@SEP@@ hat @@SEP@@ @@1@@ wearing @@2@@ @@SEP@@ images @@SEP@@ @@4@@ of @@3@@ @@SEP@@ the number of @@4@@ @@SEP@@ the number of @@5@@ @@SEP@@ if @@6@@ is equal to @@7@@	person @@SEP@@ @@1@@ that is wearing @@2@@ @@SEP@@ if @@3@@ is in an image	0.7525252525252525	False
NLVR2_train_train-1329-2-1	If there is at least one bottle of perfume being displayed in the center of both images.	bottle of perfume @@SEP@@ images @@SEP@@ center of @@2@@ @@SEP@@ @@1@@ that is being displayed in @@3@@ @@SEP@@ number of @@4@@ for each @@2@@ @@SEP@@ @@2@@ where @@5@@ is at least one @@SEP@@ number of @@6@@ @@SEP@@ if @@7@@ is equal to two	bottle of perfume @@SEP@@ images @@SEP@@ center of @@2@@ @@SEP@@ @@1@@ that is being displayed in @@3@@ @@SEP@@ number of @@4@@ for each @@2@@ @@SEP@@ @@2@@ where @@5@@ is at least one @@SEP@@ number of @@6@@ @@SEP@@ if @@7@@ is equal to two	0.0	True
DROP_train_history_736_2ef5850c-e7c1-483e-a350-3ceb3dddc91b	Which happened first, the Irish Famine or the Great Famine?	the Irish Famine @@SEP@@ the Great Famine @@SEP@@ when was @@1@@ @@SEP@@ when was @@2@@ @@SEP@@ which is lowest of @@3@@ , @@4@@	the Irish Famine @@SEP@@ the Great Famine @@SEP@@ when was @@1@@ @@SEP@@ when was @@2@@ @@SEP@@ which is highest of @@3@@, @@4@@	0.013888888888888888	False
CLEVR_train_6728	how many red items are there? 	red items @@SEP@@ number of @@1@@	items @@SEP@@ @@1@@ that are red @@SEP@@ @@2@@ that are red @@SEP@@ number of @@3@@	0.7111111111111111	False
NLVR2_train_train-11171-0-1	If one image contains exactly three wind instruments and the other contains exactly five.	one image @@SEP@@ the other image @@SEP@@ wind instruments in @@1@@ @@SEP@@ wind instruments in @@2@@ @@SEP@@ number of @@3@@ @@SEP@@ number of @@4@@ @@SEP@@ if @@5@@ is equal to three @@SEP@@ if @@6@@ is equal to five @@SEP@@ if both @@7@@ and @@8@@ are true	wind instruments @@SEP@@ @@1@@ that are wind instruments @@SEP@@ number of @@2@@ @@SEP@@ if @@3@@ is at least five @@SEP@@ if @@3@@ is at most three @@SEP@@ if @@4@@ is in one image		False
CLEVR_train_1115	What is the shape of the object to the left of the yellow ball?	objects @@SEP@@ yellow ball @@SEP@@ @@1@@ to the left of @@2@@ @@SEP@@ shape of @@3@@	objects @@SEP@@ yellow ball @@SEP@@ @@1@@ to the left of @@2@@ @@SEP@@ shape of @@3@@	0.0	True
CWQ_train_WebQTrn-3147_cbe0b2e42bd644732f31cbd57e534e85	"In ""The Wiz,"" what character was played by the artist who went on a concert tour called This Is It Tour?"	the This Is It Tour @@SEP@@ artist of @@1@@ @@SEP@@ characters played by @@2@@ @@SEP@@ @@3@@ in The Wiz	This Is It Tour @@SEP@@ the character of @@1@@ @@SEP@@ the artist of @@2@@	0.43203463203463205	False
DROP_train_history_1197_c915969d-bf34-4b60-8770-007fa135ec46	What happened first: Portuguese revolution or the Treaty of Lisbon?	the Portuguese revolution @@SEP@@ the Treaty of Lisbon @@SEP@@ when was @@1@@ @@SEP@@ when was @@2@@ @@SEP@@ which is lowest of @@3@@ , @@4@@	the Portuguese revolution @@SEP@@ the Treaty of Lisbon @@SEP@@ when was @@1@@ @@SEP@@ when was @@2@@ @@SEP@@ which is lowest of @@3@@, @@4@@	0.0	True
SPIDER_train_5443	What are the card numbers of members from Kentucky?	members @@SEP@@ @@1@@ from Kentucky @@SEP@@ card numbers of @@2@@	members @@SEP@@ card numbers of @@1@@ @@SEP@@ @@1@@ where @@2@@ is from Kentucky @@SEP@@ card numbers of @@3@@	0.4340909090909091	False
SPIDER_train_2315	What are the countries of perpetrators? Show each country and the corresponding number of perpetrators there.	perpetrators @@SEP@@ countries of @@1@@ @@SEP@@ number of @@1@@ for each @@2@@ @@SEP@@ @@2@@ , @@3@@	countries @@SEP@@ perpetrators of @@1@@ @@SEP@@ @@1@@ where @@2@@ is country @@SEP@@ @@1@@ where @@2@@ is country @@SEP@@ @@3@@ or @@4@@ @@SEP@@ @@5@@ or @@6@@	0.6703030303030303	False
CLEVR_train_6457	Are all of the large objects matte spheres?	large objects @@SEP@@ matte spheres @@SEP@@ are all of @@1@@ the same as @@2@@	large objects @@SEP@@ @@1@@ that are large @@SEP@@ If @@2@@ were large would any @@3@@ be matte	0.4267399267399268	False
DROP_train_history_2421_80b1587f-f90c-4076-b557-52a0c2d98fc1	Buy how many percentages did the number of people living in poverty go up from 2014 2015?	people @@SEP@@ @@1@@ living in poverty @@SEP@@ @@2@@ in 2014 @@SEP@@ @@2@@ in 2015 @@SEP@@ percentage of @@3@@ @@SEP@@ percentage of @@4@@ @@SEP@@ the difference of @@6@@ and @@5@@	the number of people living in poverty @@SEP@@ @@1@@ in 2014 @@SEP@@ @@1@@ in 2015 @@SEP@@ the difference of @@2@@ and @@3@@	0.6670829170829171	False
CLEVR_train_16126	Is everything to the right of the blue thing the same color?	the blue thing @@SEP@@ things @@SEP@@ @@2@@ that are to the right of @@1@@ @@SEP@@ the colors of @@3@@ @@SEP@@ if @@4@@ are the same	everything @@SEP@@ colors of @@1@@ @@SEP@@ are @@2@@ the same	0.6228956228956231	False
SPIDER_train_3793	"Find the number of students who have the word ""son"" in their personal names."	students @@SEP@@ personal names of @@1@@ @@SEP@@ @@1@@ where @@2@@ has son @@SEP@@ number of @@3@@	students @@SEP@@ @@1@@ who have @@2@@ in their personal names @@SEP@@ @@1@@ where @@2@@ contain son @@SEP@@ @@1@@ where @@2@@ contain son @@SEP@@ @@1@@ where @@2@@ contain son @@SEP@@ @@1@@ where @@2@@ contain son @@SEP@@ @@1@@ where @@2@@ contain son @@SEP@@ @@1@@ where @@2@@ contain son @@SEP@@ @@1@@ where @@2@@ contain son @@SEP@@ @@1@@ where @@2@@ contain son @@SEP@@ @@1@@ where @@2@@ contain son @@SEP@@ @@1@@ where @@2@@ contain son @@SEP@@ @@1@@ where @@2@@ contain son @@SEP@@ @@1@@ where @@2@@ contain son @@SEP@@ @@1@@ where @@2@@ contain son @@SEP@@ @@1@@ where @@2@@ contain son @@SEP@@ @@1@@ where @@2@@ contain son @@SEP@@ @@1@@ where @@2@@ contain son @@SEP@@ @@1@@ where @@2@@ contain son @@SEP@@ @@1@@ where @@2@@ contain son @@SEP@@ @@1@@ where @@2@@ contain son @@SEP@@ @@1@@ where @@2@@ contain son @@SEP@@ @@1@@ where @@2@@ contain son @@SEP@@ @@1@@ where @@2@@ contain son @@SEP@@ @@1@@ where @@2@@ contain son @@SEP@@ @@1@@ where @@2@@ contain son @@SEP@@ @@1@@ where @@2@@ contain son @@SEP@@ @@1@@ where @@2@@ contain son @@SEP@@ @@1@@ where @@2@@ contain son @@SEP@@ @@1@@ where @@2@@ contain son @@SEP@@ @@1@@ where @@2@@ contain son @@SEP@@ @@1@@ where @@2@@ contain son @@SEP@@ @@1@@ where @@2@@ contain son @@SEP@@ @@1@@ where @@2@@ contain son @@SEP@@ @@1@@ where @@2@@ contain son @@SEP@@ @@1@@ where @@2@@ contain son @@SEP@@ @@1@@ where @@2@@ contain son @@SEP@@ @@1@@ where @@2@@ contain son @@SEP@@ @@1@@ where @@2@@ contain son @@SEP@@ @@1@@ where @@2@@ contain son @@SEP@@ @@1@@ where @@2@@ contain son @@SEP@@ @@1@@ where @@2@@ contain son @@SEP@@ @@1@@ where @@2@@ contain son @@SEP@@ @@1@@ where @@2@@ contain son @@SEP@@ @@1@@ where @@2@@ contain son @@SEP@@ @@1@@ where @@2@@ contain son @@SEP@@ @@1@@ where @@2@@ contain son @@SEP@@ @@1@@ where @@2@@ contain son @@SEP@@ @@1@@ where @@2@@ contain son 50#)		False
SPIDER_train_2101	What is the description of document type 'Paper'?	document types @@SEP@@ descriptions of @@1@@ @@SEP@@ @@2@@ where @@1@@ is 'Paper	document @@SEP@@ @@1@@ description of @@2@@	0.4777777777777778	False
CLEVR_train_922	how many objects are behind the blue thing?	blue thing @@SEP@@ objects besides @@1@@ @@SEP@@ @@2@@ behind @@1@@ @@SEP@@ number of @@3@@	objects @@SEP@@ @@1@@ that are behind @@2@@	0.6749999999999999	False
NLVR2_train_train-11075-1-1	If there are less than five birds in one of the pictures.	birds @@SEP@@ pictures @@SEP@@ number of @@1@@ for each @@2@@ @@SEP@@ @@2@@ where @@3@@ is lower than five @@SEP@@ number of @@4@@ @@SEP@@ if @@5@@ is equal to one	birds @@SEP@@ pictures @@SEP@@ number of @@1@@ for each @@2@@ @@SEP@@ @@2@@ where @@3@@ is lower than five @@SEP@@ number of @@4@@ @@SEP@@ if @@5@@ is equal to one	0.0	True
DROP_train_nfl_567_66ebd016-9b39-4dd7-9300-67097070cf5e	How many total field goals were attempted, both made and missed?	field goals @@SEP@@ @@1@@ that were made @@SEP@@ @@1@@ that missed @@SEP@@ number of @@2@@ @@SEP@@ number of @@3@@ @@SEP@@ sum of @@4@@ and @@5@@	field goals @@SEP@@ @@1@@ that were made and @@2@@ that were missed @@SEP@@ @@3@@ that were made and @@4@@ that were missed @@SEP@@ number of @@5@@	0.5595238095238095	False
CLEVR_train_14192	what color is the non metallic cube	non metallic cube @@SEP@@ color of @@1@@	non metallic cube @@SEP@@ color of @@1@@	0.0	True
NLVR2_train_train-5590-0-1	If there are more pillows in the image on the left than in the image on the right.	left image @@SEP@@ right image @@SEP@@ pillows of @@1@@ @@SEP@@ pillows of @@2@@ @@SEP@@ the number of @@3@@ @@SEP@@ the number of @@4@@ @@SEP@@ if @@5@@ is higher than @@6@@	the left image @@SEP@@ the right image @@SEP@@ pillows in @@1@@ @@SEP@@ pillows in @@2@@ @@SEP@@ pillows in @@3@@ @@SEP@@ pillows in @@4@@ @@SEP@@ pillows in @@5@@ @@SEP@@ pillows in @@6@@ @@SEP@@ pillows in @@7@@ @@SEP@@ pillows in @@8@@ @@SEP@@ pillows in @@9@@ @@SEP@@ pillows in @@10@@ @@SEP@@ pillows in @@11@@ @@SEP@@ pillows in @@12@@ @@SEP@@ pillows in @@13@@ @@SEP@@ pillows in @@14@@ @@SEP@@ pillows in @@15@@ @@SEP@@ pillows in @@16@@ @@SEP@@ pillows in @@17@@ @@SEP@@ pillows in @@18@@ @@SEP@@ pillows in @@19@@ @@SEP@@ pillows in @@20@@ @@SEP@@ pillows in @@21@@ @@SEP@@ pillows in @@22@@ @@SEP@@ pillows in @@23@@ @@SEP@@ pillows in @@24@@ @@SEP@@ pillows in @@25@@ @@SEP@@ pillows in @@26@@ @@SEP@@ pillows in @@27@@ @@SEP@@ pillows in @@28@@ @@SEP@@ pillows in @@29@@ @@SEP@@ pillows in @@30@@ @@SEP@@ pillows in @@31@@ @@SEP@@ pillows in @@32@@ @@SEP@@ pillows in @@33@@ @@SEP@@ pillows in @@34@@ @@SEP@@ pillows in @@35@@ @@SEP@@ pillows in @@36@@ @@SEP@@ pillows in @@37@@ @@SEP@@ pillows in @@38@@ @@SEP@@ pillows in @@39@@ @@SEP@@ pillows in @@40@@ @@SEP@@ pillows in @@41@@ @@SEP@@ pillows in @@42@@ @@SEP@@ pillows in @@43@@ @@SEP@@ pillows in @@44@@ @@SEP@@ pillows in @@45@@ @@SEP@@ pillows in @@46@@ @@SEP@@ pillows in @@47@@ @@SEP@@ pillows in @@48@@ @@SEP@@ pillows in @@49@@ @@SEP@@ pillows in @@50@@ @@SEP@@ pillows in @@51@@ @@SEP@@ pillows in @@52@@ @@SEP@@ pillows in @@53@@ @@SEP@@ pillows in @@54@@ @@SEP@@ pillows in @@55@@ @@SEP@@ pillows in @@56@@ @@SEP@@ pillows in #		False
DROP_train_history_802_1ade1e27-a8a4-4839-81cb-12f27df8017d	How many years after Saint Jean de Brbeuf was beatified was he canonized as a saint in the Roman Catholic Church?	Saint Jean de Brbeuf was beatified @@SEP@@ he was canonized as a saint in the Roman Catholic Church @@SEP@@ year of @@1@@ @@SEP@@ year of @@2@@ @@SEP@@ difference of @@3@@ and @@4@@	years after Saint Jean de Brbeuf was beatified @@SEP@@ years after Saint Jean de Brbeuf was canonized @@SEP@@ years after Saint Jean de Brbeuf was canonized @@SEP@@ years after Saint Jean de Brbeuf was canonized @@SEP@@ years after Saint Jean de Brbeuf was canonized @@SEP@@ years after Saint Jean de Brbeuf was canonized @@SEP@@ years after Saint Jean de Brbeuf was canonized @@SEP@@ years after Saint Jean de Brbeuf was canonized @@SEP@@ years after Saint Jean de Brbeuf was canonized @@SEP@@ years after Saint Jean de Brbeuf was canonized @@SEP@@ years after Saint Jean de Brbeuf was canonized @@SEP@@ years after Saint Jean de Brbeuf was canonized @@SEP@@ years after Saint Jean de Brbeuf was canonized @@SEP@@ years after Saint Jean de Brbeuf was canonized @@SEP@@ years after Saint Jean de Brbeuf was canonized @@SEP@@ years after Saint Jean de Brbeuf was canonized @@SEP@@ years after Saint Jean de Brbeuf was canonized @@SEP@@ years after Saint Jean de Brbeuf was canonized @@SEP@@ years after Saint Jean de Brbeuf was canonized @@SEP@@ years after Saint Jean de Brbeuf was canonized @@SEP@@ years after Saint Jean de Brbeuf was canonized @@SEP@@ years after Saint Jean de Brbeuf was canonized @@SEP@@ years after Saint Jean de Brbeuf was canonized @@SEP@@ years after Saint Jean de Brbeuf was canonized @@SEP@@ years after Saint Jean de Brbeuf was canonized @@SEP@@ years after Saint Jean de Brbeuf was canonized @@SEP@@ years after Saint Jean de Brbeuf was canonized @@SEP@@ years after Saint Jean de Brbeuf was canonized @@SEP@@ years after Saint Jean de Brbeuf was canonized @@SEP@@ years after Saint Jean de Brbeuf was canonized @@SEP@@ years after Saint Jean de Brbeuf was canonized @@SEP@@ years after Saint Jean de Brbeuf was canonized @@SEP@@ years after Saint Jean de Brbeuf was canonized @@SEP@@ years after Saint Jean de Brbeuf was canonized @@SEP@@ years after Saint Jean de Brbeuf was canonized @@SEP@@ years after Saint Jean de Brbeuf was canonized @@SEP@@ years after Saint Jean de Brbeuf was canonized @@SEP@@ years after Saint Jean de Brbeuf was canonized @@SEP@@ years after Saint Jean de Brbeuf was canonized @@SEP@@ years after Saint Jean de Brbeuf was canonized @@SEP@@ years after Saint Jean de Brbeuf was canonized @@SEP@@ years after Saint Jean de Brbeuf	1.0529785690499975	False
NLVR2_train_train-6474-1-1	If the left image contains one dog, a chocolate-brown spaniel with a leash extending from its neck.	left image @@SEP@@ dog in @@1@@ @@SEP@@ number of @@2@@ @@SEP@@ if @@3@@ is equal to one @@SEP@@ @@2@@ that is a spaniel @@SEP@@ @@5@@ that is chocolate-brown @@SEP@@ leash in @@1@@ @@SEP@@ neck of @@6@@ @@SEP@@ if @@7@@ is extending from @@8@@ @@SEP@@ if both @@4@@ and @@9@@ are true	the left image @@SEP@@ chocolate-brown spaniel with a leash extending from its neck @@SEP@@ a leash @@SEP@@ If @@2@@ is chocolate-brown @@SEP@@ If @@3@@ is chocolate-brown	0.7900604686318973	False
DROP_train_history_569_338e9167-b002-486b-9a30-32c9f331627a	How many years was it between when the Tready of Edinburgh-Northampton was signed and when Edward II of England was deposed?	the Tready of Edinburgh-Northampton was signed @@SEP@@ Edward II of England was deposed @@SEP@@ year of @@1@@ @@SEP@@ year of @@2@@ @@SEP@@ difference of @@3@@ and @@4@@	when was @@1@@ @@SEP@@ when was @@2@@ @@SEP@@ difference of @@3@@ and @@4@@ in years	0.3705738705738706	False
ACADEMIC_train_120	return me the number of papers published in the VLDB conference before 2000 . 	VLDB conference @@SEP@@ papers published in @@1@@ @@SEP@@ @@2@@ before 2000 @@SEP@@ number of @@3@@	papers @@SEP@@ @@1@@ published in the VLDB conference @@SEP@@ @@2@@ before 2000 @@SEP@@ number of @@3@@	0.15714285714285717	True
COMQA_train_cluster-15-5	what is the name of the longest river in northern ireland?	northern ireland @@SEP@@ rivers of @@1@@ @@SEP@@ longness of @@2@@ @@SEP@@ @@2@@ where @@3@@ is highest @@SEP@@ name of @@4@@	northern ireland @@SEP@@ rivers of @@1@@ @@SEP@@ longness of @@2@@ @@SEP@@ @@2@@ where @@3@@ is highest	0.2	False
ATIS_train_1642	give me the lowest fare from atlanta to denver on may seventh please 	flights @@SEP@@ @@1@@ from atlanta @@SEP@@ @@2@@ to denver @@SEP@@ @@3@@ on may seventh @@SEP@@ fares of @@4@@ @@SEP@@ @@5@@ that is the lowest	flights @@SEP@@ @@1@@ from atlanta @@SEP@@ @@2@@ to denver @@SEP@@ @@3@@ on may seventh @@SEP@@ @@4@@ leaving may seventh @@SEP@@ @@5@@ that is the lowest	0.0707070707070707	False
SPIDER_train_4454	Find the name of persons who are friends with Bob.	Bob @@SEP@@ friends of @@1@@ @@SEP@@ names of @@2@@	Bob @@SEP@@ friends of @@1@@ @@SEP@@ names of @@2@@ @@SEP@@ @@1@@ where @@2@@ is Bob @@SEP@@ @@1@@ where @@2@@ is not Bob @@SEP@@ @@1@@ in both @@3@@ and @@4@@ @@SEP@@ name of @@5@@	0.7058823529411765	False
SPIDER_train_2431	What are the names of people who are shorter than average?	people @@SEP@@ height of @@1@@ @@SEP@@ average of @@2@@ @@SEP@@ @@1@@ where @@2@@ is less than @@3@@ @@SEP@@ names of @@4@@	people @@SEP@@ @@1@@ who are shorter than average @@SEP@@ names of @@2@@	0.6106060606060606	False
NLVR2_train_train-9408-3-0	If the right image contains two convertible vehicles.	the right image @@SEP@@ convertible vehicles in @@1@@ @@SEP@@ number of @@2@@ @@SEP@@ if @@3@@ is equal to two	the right image @@SEP@@ convertible vehicles in @@1@@ @@SEP@@ number of @@2@@ @@SEP@@ if @@3@@ is equal to two	0.0	True
CLEVR_train_989	Is there a shape that is the same as the green object?	objects @@SEP@@ @@1@@ that is green @@SEP@@ @@1@@ besides @@2@@ @@SEP@@ shape of @@2@@ @@SEP@@ shapes of @@3@@ @@SEP@@ @@3@@ where @@4@@ is the same as @@5@@ @@SEP@@ number of @@6@@ @@SEP@@ if @@7@@ is higher than zero	the green object @@SEP@@ shape of @@1@@	0.8888888888888888	False
ATIS_train_33	i need a flight from baltimore to seattle 	flights @@SEP@@ @@1@@ from baltimore @@SEP@@ @@2@@ to seattle	flight @@SEP@@ @@1@@ from baltimore @@SEP@@ @@2@@ to seattle @@SEP@@ @@3@@ from baltimore to seattle	0.2857142857142857	False
SPIDER_train_2402	Please list support, consider, and oppose rates for each candidate in ascending order by unsure rate.	candidates @@SEP@@ support rates of @@1@@ @@SEP@@ consider rates of @@1@@ @@SEP@@ oppose rates of @@1@@ @@SEP@@ unsure rates of @@1@@ @@SEP@@ @@2@@ , @@3@@ , @@4@@ @@SEP@@ @@6@@ sorted by @@5@@ in ascending order	candidates @@SEP@@ support rates of @@1@@ @@SEP@@ consider rates of @@1@@ @@SEP@@ oppose rates of @@1@@ @@SEP@@ @@1@@ where @@2@@ is lower than @@3@@ @@SEP@@ @@2@@, @@3@@, @@4@@ @@SEP@@ @@6@@ sorted by @@5@@ in ascending order	0.1581196581196581	False
SPIDER_train_5169	Find the id of the product ordered the most often on invoices.	invoices @@SEP@@ products of @@1@@ @@SEP@@ number of @@1@@ for each @@2@@ @@SEP@@ @@2@@ where @@3@@ is the highest @@SEP@@ id of @@4@@	item @@SEP@@ @@1@@ on invoices @@SEP@@ @@2@@ that is most frequently ordered @@SEP@@ product ID of @@3@@	0.58642266824085	False
ATIS_train_568	what are the schedule of flights from boston to san francisco for august first 	flights @@SEP@@ @@1@@ from boston @@SEP@@ @@2@@ to san francisco @@SEP@@ @@3@@ on august first @@SEP@@ schedule of @@4@@	flights @@SEP@@ @@1@@ from boston @@SEP@@ @@2@@ to san francisco @@SEP@@ @@3@@ on august seventeenth	0.24444444444444446	False
DROP_train_history_1979_155b8639-e059-4876-baff-e241dc97f59e	How many years after the general outbreaks of the plague in the Tudor dynasty and House of Stuart England began did it end with the Great Plague of London?	the general outbreaks of the plague in the Tudor dynasty and House of Stuart England @@SEP@@ it end with the Great Plague of London @@SEP@@ year of @@1@@ @@SEP@@ year of @@2@@ @@SEP@@ the difference of @@4@@ and @@3@@	years of @@1@@ ended with the Great Plague of London @@SEP@@ years of @@2@@ ended with the Great Plague of London @@SEP@@ years of @@3@@ ended with the Great Plague of London @@SEP@@ years of @@4@@ ended with the Great Plague of London @@SEP@@ years of @@5@@ ended with the Great Plague of London @@SEP@@ years of @@6@@ ended with the Great Plague of London @@SEP@@ years of @@7@@ ended with the Great Plague of London @@SEP@@ years of @@8@@ ended with the Great Plague of London @@SEP@@ years of @@9@@ ended with the Great Plague of London @@SEP@@ years of @@10@@ ended with the Great Plague of London @@SEP@@ years of @@11@@ ended with the Great Plague of London @@SEP@@ years of @@12@@ ended with the Great Plague of London @@SEP@@ years of @@13@@ ended with the Great Plague of London @@SEP@@ years of @@14@@ ended with the Great Plague of London @@SEP@@ years of @@15@@ ended with the Great Plague of London @@SEP@@ years of @@16@@ ended with the Great Plague of London @@SEP@@ years of @@17@@ ended with the Great Plague of London @@SEP@@ years of @@18@@ ended with the Great Plague of London @@SEP@@ years of @@19@@ ended with the Great Plague of London @@SEP@@ years of @@20@@ ended with the Great Plague of London @@SEP@@ years of @@21@@ ended with the Great Plague of London @@SEP@@ years of @@22@@ ended with the Great Plague of London @@SEP@@ years of @@23@@ ended with the Great Plague of London @@SEP@@ years of @@24@@ ended with the Great Plague of London @@SEP@@ years of @@25@@ ended with the Great Plague of London @@SEP@@ years of @@26@@ ended with the Great Plague of London @@SEP@@ years of @@27@@ ended with the Great Plague of London @@SEP@@ years of @@28@@ ended with the Great Plague of London @@SEP@@ years of @@29@@ ended with the Great Plague of London @@SEP@@ years of @@30@@ ended with the Great Plague of London @@SEP@@ years of @@31@@ ended with the Great Plague of London @@SEP@@ years of @@32@@ ended with the Great Plague of London @@SEP@@ years of @@33@@ ended with the Great Plague of London @@SEP@@ years of @@34@@ ended with the Great Plague of London @@SEP@@ years of @@35@@ ended with the Great Plague of London @@SEP@@ years of @@36@@ ended with the Great Plague of London @@SEP@@ years of @@37@@ ended with the Great Plague of London @@SEP@@ years of @@38@@ ended with the Great Plague of London @@SEP@@ years of @@39@@ ended with the Great Plague of London @@SEP@@ years of @@40@@ ended with the Great Plague of London @@SEP@@ years of @@41@@ ended with the Great Plague		False
ATIS_train_3776	what flights are available between baltimore and boston on august twelfth 	flights @@SEP@@ @@1@@ between baltimore @@SEP@@ @@2@@ and boston @@SEP@@ @@3@@ on august twelfth	flights @@SEP@@ @@1@@ between baltimore @@SEP@@ @@2@@ and boston @@SEP@@ @@3@@ on august twelfth	0.0	True
NLVR2_train_train-5490-2-0	If the birds in both images are diving into the water with their heads facing right.	birds @@SEP@@ the water @@SEP@@ @@1@@ diving into @@2@@ @@SEP@@ head of @@3@@ @@SEP@@ @@3@@ where @@4@@ is facing right @@SEP@@ images of @@5@@ @@SEP@@ number of @@6@@ @@SEP@@ if @@7@@ is equal to two	the right image @@SEP@@ birds of @@1@@ @@SEP@@ diving into @@2@@ @@SEP@@ number of @@3@@ @@SEP@@ if @@4@@ is diving into @@3@@	0.6197916666666667	False
NLVR2_train_train-5774-1-0	If the right image includes a person leading a llama toward the camera, and the left image includes multiple llamas wearing packs.	right image @@SEP@@ person in @@1@@ @@SEP@@ llama in @@1@@ @@SEP@@ @@2@@ that is leading @@3@@ toward the camera @@SEP@@ number of @@4@@ @@SEP@@ if @@5@@ is at least one @@SEP@@ left image @@SEP@@ llamas in @@7@@ @@SEP@@ packs in @@7@@ @@SEP@@ @@8@@ that are wearing @@9@@ @@SEP@@ number of @@10@@ @@SEP@@ if @@11@@ is at least two @@SEP@@ if both @@6@@ and @@12@@ are true	the right image @@SEP@@ the person leading a llama toward the camera @@SEP@@ the number of @@1@@ @@SEP@@ the number of @@2@@ @@SEP@@ the number of @@3@@ @@SEP@@ the number of @@4@@ @@SEP@@ the number of @@5@@ @@SEP@@ the number of @@6@@ @@SEP@@ the number of @@7@@ @@SEP@@ the number of @@8@@ @@SEP@@ the number of @@9@@ @@SEP@@ the number of @@10@@ @@SEP@@ the number of @@11@@ @@SEP@@ the number of @@12@@ @@SEP@@ the number of @@13@@ @@SEP@@ the number of @@14@@ @@SEP@@ the number of @@15@@ @@SEP@@ the number of @@16@@ @@SEP@@ the number of @@17@@ @@SEP@@ the number of @@18@@ @@SEP@@ the number of @@19@@ @@SEP@@ the number of @@20@@ @@SEP@@ the number of @@21@@ @@SEP@@ the number of @@22@@ @@SEP@@ the number of @@23@@ @@SEP@@ the number of @@24@@ @@SEP@@ the number of @@25@@ @@SEP@@ the number of @@26@@ @@SEP@@ the number of @@27@@ @@SEP@@ the number of @@28@@ @@SEP@@ the number of @@29@@ @@SEP@@ the number of @@30@@ @@SEP@@ the number of @@31@@ @@SEP@@ the number of @@32@@ @@SEP@@ the number of @@33@@ @@SEP@@ the number of @@34@@ @@SEP@@ the number of @@35@@ @@SEP@@ the number of @@36@@ @@SEP@@ the number of @@37@@ @@SEP@@ the number of @@38@@ @@SEP@@ the number of @@39@@ @@SEP@@ the number of @@40@@ @@SEP@@ the number of @@41@@ @@SEP@@ the number of @@42@@ @@SEP@@ the number of @@43@@ @@SEP@@ the number of @@44@@ @@SEP@@ the number of @@45@@ @@SEP@@ the number of @@46@@ @@SEP@@ the number of @@47@@ @@SEP@@ the number of @@48@@ @@SEP@@ the number of @@49@@ @@SEP@@ the number of @@50@@ @@SEP@@ the number of @@51@@ @@SEP@@ the number of @@52@@ @@SEP@@ the number of @@53@@ @@SEP@@ the number of @@54@@ @@SEP@@ the number of @@55@@ @@SEP@@ the number of @@56@@ @@SEP@@ the number of @@57@@ 60#)		False
CLEVR_train_12398	how many shiny material objects are there ?	shiny material objects @@SEP@@ number of @@1@@	shiny objects @@SEP@@ @@1@@ that are shiny @@SEP@@ number of @@2@@	0.5841269841269842	False
DROP_train_history_1736_96e96a1a-1a6f-44d7-8bd3-f1930c3e7430	By how many percentage points did the Greek GDP growth fall between 2003 and 2006?	the Greek GDP @@SEP@@ growths in percentages of @@1@@ @@SEP@@ @@2@@ in 2003 @@SEP@@ @@2@@ in 2006 @@SEP@@ the difference of @@4@@ and @@3@@	GDP growth @@SEP@@ @@1@@ in 2003 @@SEP@@ @@1@@ in 2006 @@SEP@@ the difference of @@3@@ and @@2@@	0.3563492063492063	False
DROP_train_nfl_1129_8bc39cdd-c355-4450-a395-6011587dca8f	How many interceptions did O'Sullivan throw?	O'Sullivan @@SEP@@ interceptions of @@1@@ @@SEP@@ number of @@2@@	O'Sullivan @@SEP@@ interceptions of @@1@@ @@SEP@@ number of @@2@@	0.0	True
CLEVR_train_6585	What shape is the object that is behind the purple cube?	purple cube @@SEP@@ object behind @@1@@ @@SEP@@ shape of @@2@@	the purple cube @@SEP@@ the object that is behind @@1@@ @@SEP@@ shape of @@2@@	0.08311688311688312	False
SPIDER_train_2179	Find the id and forenames of drivers who participated both the races with name Australian Grand Prix and the races with name Chinese Grand Prix?	races with the name Australian Grand Prix @@SEP@@ races with the name Chinese Grand Prix @@SEP@@ drivers who participated in both @@1@@ and @@2@@ @@SEP@@ ids of @@3@@ @@SEP@@ forenames of @@3@@ @@SEP@@ @@4@@ , @@5@@	drivers @@SEP@@ @@1@@ who participated in the Australian Grand Prix @@SEP@@ @@1@@ who participated in the Chinese Grand Prix @@SEP@@ @@1@@ of both @@2@@ and @@3@@ @@SEP@@ ids of @@4@@ @@SEP@@ forenames of @@4@@ @@SEP@@ @@5@@, @@6@@, @@8@@	0.48799019607843136	False
CWQ_train_WebQTrn-1880_0a522fd602641e4c7acb7870908615ed	What conditions did the person who had his work dedicated by the United States Congress suffer from?	person @@SEP@@ @@1@@ that had his work dedicated by the United States Congress @@SEP@@ conditions of @@2@@	the conditions that the person who had his work dedicated by the United States Congress suffered from @@SEP@@ @@1@@ conditions that @@2@@ suffered from @@SEP@@ @@2@@ conditions that @@3@@ suffered from	0.49985569985569983	False
CLEVR_train_2574	How many different colors do the spheres display?	the spheres @@SEP@@ the different colors that @@1@@ display @@SEP@@ the number of @@2@@	spheres @@SEP@@ the number of @@1@@ for each @@2@@ @@SEP@@ @@2@@ where @@3@@ is one	0.535930735930736	False
DROP_train_history_80_cc8fba7f-6008-40a0-8f71-32503fb3d00c	How many pounds did the ferry weigh?	the ferry @@SEP@@ pounds @@1@@ did weigh @@SEP@@ number of @@2@@	ferry @@SEP@@ pounds of @@1@@ @@SEP@@ @@2@@ ferry	0.29396825396825393	False
NLVR2_train_train-3833-2-1	If the warthogs in one image are next to a body of water.	warthogs @@SEP@@ body of water @@SEP@@ @@1@@ that are next to @@2@@ @@SEP@@ if @@3@@ is in one image	warthogs @@SEP@@ body of water @@SEP@@ @@1@@ that are next to @@2@@ @@SEP@@ if @@3@@ is in one image	0.0	True
CLEVR_train_1792	Are there more small objects that are either brown or matte than large objects?	small objects @@SEP@@ @@1@@ that are matte @@SEP@@ @@1@@ that are brown @@SEP@@ @@2@@ or @@3@@ @@SEP@@ number of @@4@@ @@SEP@@ large objects @@SEP@@ number of @@6@@ @@SEP@@ which is highest of @@5@@ , @@7@@	small objects @@SEP@@ @@1@@ that are brown @@SEP@@ @@2@@ that are matte @@SEP@@ @@3@@ that are small @@SEP@@ @@4@@ that are small @@SEP@@ @@5@@ that are small @@SEP@@ @@6@@ that are small @@SEP@@ @@7@@ that are small @@SEP@@ @@8@@ that are small @@SEP@@ @@9@@ that are small @@SEP@@ @@10@@ that are small @@SEP@@ @@11@@ that are small @@SEP@@ @@12@@ that are small @@SEP@@ @@13@@ that are small @@SEP@@ @@14@@ that are small @@SEP@@ @@15@@ that are small @@SEP@@ @@16@@ that are small @@SEP@@ @@17@@ that are small @@SEP@@ @@18@@ that are small @@SEP@@ @@19@@ that are small @@SEP@@ @@20@@ that are small @@SEP@@ @@21@@ that are small @@SEP@@ @@22@@ that are small @@SEP@@ @@23@@ that are small @@SEP@@ @@24@@ that are small @@SEP@@ @@25@@ that are small @@SEP@@ @@26@@ that are small @@SEP@@ @@27@@ that are small @@SEP@@ @@28@@ that are small @@SEP@@ @@29@@ that are small @@SEP@@ @@30@@ that are small @@SEP@@ @@31@@ that are small @@SEP@@ @@32@@ that are small @@SEP@@ @@33@@ that are small @@SEP@@ @@34@@ that are small @@SEP@@ @@35@@ that are small @@SEP@@ @@36@@ that are small @@SEP@@ @@37@@ that are small @@SEP@@ @@38@@ that are small @@SEP@@ @@39@@ that are small @@SEP@@ @@40@@ that are small @@SEP@@ @@41@@ that are small @@SEP@@ @@42@@ that are small @@SEP@@ @@43@@ that are small @@SEP@@ @@44@@ that are small @@SEP@@ @@45@@ that are small @@SEP@@ @@46@@ that are small @@SEP@@ @@47@@ that are small @@SEP@@ @@48@@ that are small @@SEP@@ @@49@@ that are small @@SEP@@ @@50@@ that are small @@SEP@@ @@51@@ that are small @@SEP@@ @@52@@ that are small @@SEP@@ @@53@@ that are small @@SEP@@ @@54@@ that are small @@SEP@@ @@55@@ that are small @@SEP@@ @@56@@ that are small @@SEP@@ @@57@@ that are small @@SEP@@ @@58@@ that are small @@SEP@@ @@59@@ that are small @@SEP@@ #		False
COMQA_train_cluster-1104-4	in the 50 states where is the tallest mountain and its name?	the 50 states @@SEP@@ mountains of @@1@@ @@SEP@@ height of @@2@@ @@SEP@@ @@2@@ where @@3@@ is highest @@SEP@@ where is @@4@@ @@SEP@@ name of @@4@@ @@SEP@@ @@5@@ , @@6@@	the 50 states @@SEP@@ mountains of @@1@@ @@SEP@@ height of @@2@@ @@SEP@@ @@2@@ where @@3@@ is highest @@SEP@@ where is @@4@@ @@SEP@@ name of @@4@@ @@SEP@@ @@5@@, @@6@@	0.0	True
SPIDER_train_805	Which month has the most happy hours?	months @@SEP@@ number of happy hours for each @@1@@ @@SEP@@ @@1@@ where @@2@@ is highest	the most happy hours @@SEP@@ months of @@1@@ @@SEP@@ the number of @@2@@ for each @@1@@ @@SEP@@ @@1@@ where @@3@@ is more than 2	0.48809523809523814	False
NLVR2_train_train-11645-0-0	If the left photo contains two cups full of dessert.	the left photo @@SEP@@ cups in @@1@@ @@SEP@@ dessert @@SEP@@ @@2@@ full of @@3@@ @@SEP@@ number of @@4@@ @@SEP@@ if @@5@@ is equal to two	left photo @@SEP@@ cups of dessert in @@1@@ @@SEP@@ number of @@2@@ @@SEP@@ if @@3@@ is at least two	0.5456644365735275	False
CWQ_train_WebQTrn-3531_72cf301b99cc05fd52d411e67b13d02d	Of what form of cancer did the artist who had a tour named Natty Dread Tour die from?	artists @@SEP@@ @@1@@ who had a tour named Natty Dread Tour @@SEP@@ cancer that @@2@@ die from @@SEP@@ form of @@3@@	Natty Dread Tour @@SEP@@ cancer of @@1@@ @@SEP@@ form of @@2@@ @@SEP@@ name of @@3@@	0.3391156462585034	False
DROP_train_history_336_7d5ccf6a-9a9a-4397-80ea-118bef423c46	Which three kings ruled Norway in quick succession in 1204?	Norway @@SEP@@ kings of @@1@@ @@SEP@@ @@2@@ that ruled in quick succession in 1204	kings @@SEP@@ kings who ruled @@1@@ @@SEP@@ when three kings ruled @@2@@	0.34	False
CLEVR_train_1184	There is a large blue thing next to a small bronze globe, but the small globe to the north of the bronze globe is what color?	globe @@SEP@@ @@1@@ that is bronze @@SEP@@ @@1@@ that is small @@SEP@@ @@3@@ that is north of @@2@@ @@SEP@@ color of @@4@@	small bronze globe @@SEP@@ large blue thing next to @@1@@ @@SEP@@ color of @@2@@	0.6621212121212121	False
CLEVR_train_3501	Does the sphere match the color of either cube?	sphere @@SEP@@ cubes @@SEP@@ color of @@1@@ @@SEP@@ color of @@2@@ @@SEP@@ @@2@@ where @@4@@ is the same as @@3@@ @@SEP@@ number of @@5@@ @@SEP@@ if @@6@@ is higher than zero	sphere @@SEP@@ cubes @@SEP@@ color of @@1@@ @@SEP@@ color of @@2@@ @@SEP@@ @@1@@ where @@3@@ is the same as @@4@@ @@SEP@@ number of @@5@@ @@SEP@@ if @@6@@ is two	0.1547619047619048	False
COMQA_train_cluster-2116-2	who won 1960 presidential election?	the 1960 presidential election @@SEP@@ who won @@1@@	1960 presidential election @@SEP@@ who won @@1@@ @@SEP@@ who won @@2@@	0.4222222222222222	False
DROP_train_nfl_2683_a4d7faa3-240b-42a9-93b1-2de0a51366a6	How many yards did the Packers win by?	the Packers @@SEP@@ yards by which @@1@@ win	the Packers @@SEP@@ yards win the game by of @@1@@	0.14285714285714288	False
CLEVR_train_3887	are the large cylinders metallic?	cylinders @@SEP@@ @@1@@ that are metallic @@SEP@@ @@2@@ that are large	cylinders @@SEP@@ @@1@@ that are metallic @@SEP@@ @@2@@ that are large	0.0	True
CLEVR_train_3169	What color is the shiny object closest to the camera?	objects @@SEP@@ @@1@@ that are shiny @@SEP@@ the @@2@@ that are closest to the camera @@SEP@@ the color of @@3@@	objects @@SEP@@ @@1@@ that are shiny @@SEP@@ the @@2@@ that are closest to the camera @@SEP@@ the color of @@3@@	0.0	True
ATIS_train_3851	cheapest fare from memphis to seattle 	flights @@SEP@@ @@1@@ from memphis @@SEP@@ @@2@@ to seattle @@SEP@@ fares of @@3@@ @@SEP@@ @@4@@ that is the cheapest	flights @@SEP@@ @@1@@ from memphis @@SEP@@ @@2@@ to seattle @@SEP@@ the cheapest of @@3@@	0.2592592592592593	False
NLVR2_train_train-10632-3-0	If a silver colored laptop is sitting on a black desk that is connected to an entertainment center.	laptop @@SEP@@ @@1@@ that is silver colored @@SEP@@ desk @@SEP@@ @@3@@ that is black @@SEP@@ entertainment center @@SEP@@ @@4@@ connected to @@5@@ @@SEP@@ if @@2@@ is sitting on @@6@@	silver colored laptop @@SEP@@ black desk @@SEP@@ if @@2@@ is sitting on @@3@@ @@SEP@@ if @@2@@ is connected to @@3@@ @@SEP@@ if @@2@@ is sitting on @@4@@ @@SEP@@ if @@2@@ is connected to @@3@@	0.7647392290249434	False
CLEVR_train_3807	Is there more cylinders then red objects?	cylinders @@SEP@@ red objects @@SEP@@ number of @@1@@ @@SEP@@ number of @@2@@ @@SEP@@ if @@3@@ is higher than @@4@@	cylinders @@SEP@@ @@1@@ that are red @@SEP@@ number of @@2@@ @@SEP@@ if @@3@@ is greater than @@1@@ @@SEP@@ if @@4@@ is greater than @@1@@	0.5156434474616293	False
SPIDER_train_3503	display the employee number and name( first name and last name ) for all employees who work in a department with any employee whose name contains a T.	employees @@SEP@@ @@1@@ who work in a department @@SEP@@ names of @@2@@ @@SEP@@ @@2@@ where @@3@@ contains a T @@SEP@@ employee numbers of @@4@@ @@SEP@@ first names of @@4@@ @@SEP@@ last names of @@4@@ @@SEP@@ @@5@@ , @@6@@ , @@7@@	employees @@SEP@@ @@1@@ whose first name contains a T @@SEP@@ @@1@@ besides @@2@@ @@SEP@@ @@1@@ whose last name contains a T @@SEP@@ @@1@@ whose first name contains a T @@SEP@@ @@1@@ whose last name contains a T @@SEP@@ @@1@@ whose first name contains a T @@SEP@@ @@1@@ whose last name contains a T @@SEP@@ @@1@@ whose first name contains a T @@SEP@@ @@1@@ whose last name contains a T		False
SPIDER_train_1662	Return the name of the artist who has the latest join year.	artists @@SEP@@ join years of @@1@@ @@SEP@@ @@1@@ where @@2@@ is latest @@SEP@@ name of @@3@@	artists @@SEP@@ @@1@@ who joined the latest year @@SEP@@ name of @@2@@	0.4735576923076923	False
ATIS_train_3846	give me all the flights from new york to miami round trip 	flights @@SEP@@ @@1@@ from new york @@SEP@@ @@2@@ to miami @@SEP@@ @@3@@ that are round trip	flights @@SEP@@ @@1@@ from new york @@SEP@@ @@2@@ to miami @@SEP@@ @@3@@ that are round trip	0.0	True
CLEVR_train_4503	What is the color of the largest cube?	cubes @@SEP@@ size of @@1@@ @@SEP@@ @@1@@ where @@2@@ is the largest @@SEP@@ color of @@3@@	cube @@SEP@@ @@1@@ that is the largest @@SEP@@ color of @@2@@	0.43509615384615385	False
NLVR2_train_train-12671-3-0	If left image shows two seals with upraised heads, one large and dark, and the other smaller and paler.	left image @@SEP@@ seals in @@1@@ @@SEP@@ heads of @@2@@ @@SEP@@ @@2@@ where @@3@@ are upraised @@SEP@@ @@4@@ that is large @@SEP@@ @@5@@ that is dark @@SEP@@ number of @@6@@ @@SEP@@ if @@7@@ is equal to one @@SEP@@ @@4@@ that is smaller @@SEP@@ @@9@@ that is paler @@SEP@@ number of @@10@@ @@SEP@@ if @@11@@ is equal to one @@SEP@@ if both @@8@@ and @@12@@ are true	seal @@SEP@@ @@1@@ that is large @@SEP@@ @@2@@ that is dark @@SEP@@ seal @@SEP@@ @@4@@ that is paler @@SEP@@ @@3@@ that is dark @@SEP@@ @@1@@ that is large @@SEP@@ @@2@@ that is dark @@SEP@@ @@3@@ that is dark @@SEP@@ number of @@8@@ @@SEP@@ if @@9@@ is at least one		False
CLEVR_train_2752	Are there more than two cubes?	cubes @@SEP@@ number of @@1@@ @@SEP@@ is @@2@@ higher than two	cubes @@SEP@@ number of @@1@@ @@SEP@@ if @@2@@ is higher than two	0.04615384615384614	True
CLEVR_train_12689	How many objects with only flat surfaces?	objects @@SEP@@ @@1@@ with only flat surfaces @@SEP@@ number of @@2@@	objects @@SEP@@ @@1@@ with flat surfaces @@SEP@@ number of @@2@@	0.018181818181818188	False
SPIDER_train_4711	What are the product id and product type of the cheapest product?	products @@SEP@@ @@1@@ that is cheapest @@SEP@@ product id of @@2@@ @@SEP@@ product type of @@2@@ @@SEP@@ @@3@@ , @@4@@	products @@SEP@@ prices of @@1@@ @@SEP@@ @@1@@ where @@2@@ is lowest @@SEP@@ id of @@3@@ @@SEP@@ product type of @@3@@ @@SEP@@ @@4@@, @@5@@	0.3405594405594406	False
DROP_train_nfl_1930_e1c44281-be41-478e-99c4-66ed314552ac	How many yards did Shiancoe catch for during the Vikings last drive of the first half?	Shiancoe @@SEP@@ catches of @@1@@ @@SEP@@ @@2@@ in the Vikings last drive of the first half @@SEP@@ yards of @@3@@ @@SEP@@ sum of @@4@@	Shiancoe @@SEP@@ yards of @@1@@ @@SEP@@ number of @@2@@	0.5537037037037037	False
DROP_train_history_1673_75848d11-b9a9-4800-9d19-b86fd6434b4e	How many months after the October Revolution did Romania take control of Bessarabia?	the October Revolution @@SEP@@ Romania did take control of Bessarabia @@SEP@@ when was @@1@@ @@SEP@@ when was @@2@@ @@SEP@@ difference of @@3@@ and @@4@@ in months	the October Revolution @@SEP@@ months after @@1@@ took control of Bessarabia @@SEP@@ the difference of @@2@@ and @@1@@ in months @@SEP@@ the difference of @@3@@ and @@2@@ in months @@SEP@@ the difference of @@4@@ and @@3@@ in months	0.4176721970839618	False
NLVR2_train_train-6849-0-0	If there are four pandas	pandas @@SEP@@ number of @@1@@ @@SEP@@ if @@2@@ is equal to four	pandas @@SEP@@ number of @@1@@ @@SEP@@ if @@2@@ is equal to four	0.0	True
NLVR2_train_train-8071-2-0	If the left image contains exactly two vultures.	the left image @@SEP@@ vultures in @@1@@ @@SEP@@ number of @@2@@ @@SEP@@ if @@3@@ is equal to two	vultures @@SEP@@ @@1@@ that are flying @@SEP@@ number of @@2@@ @@SEP@@ if @@3@@ is equal to two	0.20634920634920637	False
CLEVR_train_17015	What color is the cylinder partially hidden by the teal cube?	the cubes @@SEP@@ @@1@@ which are teal @@SEP@@ the cylinder partially hidden by @@2@@ @@SEP@@ the color of @@3@@	cylinder @@SEP@@ cubes @@SEP@@ @@2@@ that are partly hidden by @@1@@ @@SEP@@ the color of @@3@@	0.5020408163265306	False
CLEVR_train_10088	how many brown objects are also cylinders?	brown objects @@SEP@@ @@1@@ which are also cylinders @@SEP@@ the number of @@2@@	cylinders @@SEP@@ @@1@@ that are cylinders @@SEP@@ number of @@2@@	0.19676767676767676	False
CWQ_train_WebQTrn-2710_200c3f462412ae243b0c015787219cc1	Which area of the Florida Marlins hometown has the smallest population?	Florida Marlins @@SEP@@ hometown of @@1@@ @@SEP@@ areas of @@2@@ @@SEP@@ populations of @@3@@ @@SEP@@ @@3@@ where @@4@@ is the smallest	the Marlins Park Sports team arena stadium @@SEP@@ where is @@1@@	0.8287878787878789	False
CWQ_train_WebQTrn-1928_e56e856592a9a57b9e331b718adc1b75	"At which university did the author of ""The Audacity of Hope"" earn his bachelor's degree?"	The Audacity of Hope @@SEP@@ author of @@1@@ @@SEP@@ university of @@2@@	author of The Audacity of Hope @@SEP@@ university of @@1@@	0.4833333333333333	False
DROP_train_history_1549_1b9f4160-3465-47b6-9236-cddf652c1536	How many months did the Conference of Lausanne last for?	the Conference of Lausanne @@SEP@@ months of @@1@@ @@SEP@@ number of @@2@@	the Conference of Lausanne @@SEP@@ months of @@1@@ @@SEP@@ number of @@2@@	0.0	True
NLVR2_train_train-379-0-0	If there are pigs surrounding a fire pit.	pigs @@SEP@@ fire pit @@SEP@@ @@1@@ that are surrounding @@2@@ @@SEP@@ number of @@3@@ @@SEP@@ if @@4@@ is at least two	pigs @@SEP@@ fire pit @@SEP@@ if @@1@@ are surrounding @@2@@	0.48148148148148157	False
NLVR2_train_train-12848-0-0	If one image includes exactly twice as many wolves as the other image.	one image @@SEP@@ wolves in @@1@@ @@SEP@@ number of @@2@@ @@SEP@@ other image @@SEP@@ wolves in @@4@@ @@SEP@@ number of @@5@@ @@SEP@@ division of @@3@@ and @@6@@ @@SEP@@ If @@7@@ is equal to two	one image @@SEP@@ wolves in @@1@@ @@SEP@@ @@2@@ that are twice as many @@SEP@@ number of @@3@@ @@SEP@@ if @@4@@ is equal to two @@SEP@@ number of @@5@@ @@SEP@@ if @@6@@ is equal to one @@SEP@@ if @@7@@ is equal to two @@SEP@@ if @@8@@ is equal to one @@SEP@@ if @@9@@ is equal to two @@SEP@@ if @@10@@ is equal to one @@SEP@@ if both @@6@@ and @@11@@ are true		False
SPIDER_train_6664	What is the status code, mobile phone number and email address of customer with last name as Kohler or first name as Marina?	customer @@SEP@@ @@1@@ with last name Kohler @@SEP@@ @@1@@ with first name Marina @@SEP@@ @@2@@ or @@3@@ @@SEP@@ status codes of @@4@@ @@SEP@@ mobile phone number of @@4@@ @@SEP@@ email address of @@4@@ @@SEP@@ @@5@@ , @@6@@ and @@7@@	customers @@SEP@@ @@1@@ that has last name as Kohler or first name as Marina @@SEP@@ status codes of @@2@@ @@SEP@@ mobile phone number of @@2@@ @@SEP@@ email address of @@2@@ @@SEP@@ @@3@@, @@4@@ @@SEP@@ @@5@@, @@6@@ @@SEP@@ @@7@@, @@8@@, @@9@@		False
CLEVR_train_102	what is the color of the largest shape?	shapes @@SEP@@ @@1@@ that is the largest @@SEP@@ color of @@2@@	largest shape @@SEP@@ color of @@1@@	0.6	True
CWQ_train_WebQTest-1197_f978435827c7e85a6632a72eea403599	What languages are spoken in the country of origin for the Brazilian cruzado novo?	the Brazilian cruzado novo @@SEP@@ country of origin of @@1@@ @@SEP@@ languages spoken in @@2@@	the Brazilian cruzado novo @@SEP@@ country of @@1@@	0.44000000000000006	False
COMQA_train_cluster-2174-1	what is the population density of india in 2011?	india @@SEP@@ population density of @@1@@ @@SEP@@ @@2@@ in 2011	india @@SEP@@ population density of @@1@@ @@SEP@@ @@2@@ in 2011	0.0	True
SPIDER_train_1746	What are the names of gymnasts?	gymnasts @@SEP@@ names of @@1@@	gymnasts @@SEP@@ names of @@1@@	0.0	True
CLEVR_train_5284	What color is the small ball to the left of the gold ball?	the gold ball @@SEP@@ the small balls @@SEP@@ @@2@@ that is to the left of @@1@@ @@SEP@@ color of @@3@@	small ball @@SEP@@ color of @@1@@	0.6687598116169544	False
CLEVR_train_16997	how many are cylinders or gray?	objects @@SEP@@ @@1@@ that are cylinders @@SEP@@ @@1@@ that are gray @@SEP@@ @@2@@ , @@3@@ @@SEP@@ the number of @@4@@	cylinders @@SEP@@ @@1@@ that are cylinders @@SEP@@ @@1@@ that are gray @@SEP@@ @@2@@, @@3@@ @@SEP@@ the number of @@4@@	0.05	False
DROP_train_history_1061_c60491f7-215b-4064-a804-159b97840477	How many years were between the start of the first naval war, and end of last naval war?	the start of the first naval war @@SEP@@ end of last naval war @@SEP@@ when was @@1@@ @@SEP@@ when was @@2@@ @@SEP@@ difference of @@4@@ and @@3@@ in years	the years between the start of the first naval war, and end of last naval war @@SEP@@ years of @@1@@ @@SEP@@ number of @@2@@	0.6168091168091168	False
CWQ_train_WebQTrn-1685_9cb3806a6cd1ccd197f00cd8fc563ea8	"What is the author of ""Tortilla Flat"" best known for?"	Tortilla Flat @@SEP@@ author of @@1@@ @@SEP@@ for what is @@2@@ best known	Tortilla Flat @@SEP@@ author of @@1@@ @@SEP@@ best known for of @@2@@	0.16923076923076924	False
CLEVR_train_7631	How many blue objects are to the right of the blue cube?	the blue cube @@SEP@@ objects @@SEP@@ @@2@@ that are blue @@SEP@@ @@3@@ that are to the right of @@1@@ @@SEP@@ the number of @@4@@	the blue cube @@SEP@@ objects @@SEP@@ @@2@@ that are blue @@SEP@@ @@3@@ that are to the right of @@1@@ @@SEP@@ the number of @@4@@	0.0	True
CLEVR_train_5392	Are any of the items in this group made of rubber?	items @@SEP@@ @@1@@ in this group @@SEP@@ if any @@2@@ is made of rubber	items @@SEP@@ @@1@@ that are made of rubber @@SEP@@ number of @@2@@	0.2666666666666667	False
SPIDER_train_4219	Give me all the distinct location codes for documents.	documents @@SEP@@ location codes of @@1@@ @@SEP@@ distinct @@2@@	location codes @@SEP@@ @@1@@ where @@2@@ is distinct @@SEP@@ @@1@@ where @@2@@ is distinct @@SEP@@ @@1@@ where @@2@@ is distinct @@SEP@@ @@1@@ where @@2@@ is distinct @@SEP@@ @@1@@ where @@2@@ is distinct @@SEP@@ @@1@@ where @@2@@ is distinct @@SEP@@ @@1@@ where @@2@@ is distinct @@SEP@@ @@1@@ where @@2@@ is distinct @@SEP@@ @@1@@ where @@2@@ is distinct @@SEP@@ @@1@@ where @@2@@ is distinct @@SEP@@ @@1@@ where @@2@@ is distinct @@SEP@@ @@1@@ where @@2@@ is distinct @@SEP@@ @@1@@ where @@2@@ is distinct @@SEP@@ @@1@@ where @@2@@ is distinct @@SEP@@ @@1@@ where @@2@@ is distinct @@SEP@@ @@1@@ where @@2@@ is distinct @@SEP@@ @@1@@ where @@2@@ is distinct @@SEP@@ @@1@@ where @@2@@ is distinct @@SEP@@ @@1@@ where @@2@@ is distinct @@SEP@@ @@1@@ where @@2@@ is distinct @@SEP@@ @@1@@ where @@2@@ is distinct @@SEP@@ @@1@@ where @@2@@ is distinct @@SEP@@ @@1@@ where @@2@@ is distinct @@SEP@@ @@1@@ where @@2@@ is distinct @@SEP@@ @@1@@ where @@2@@ is distinct @@SEP@@ @@1@@ where @@2@@ is distinct @@SEP@@ @@1@@ where @@2@@ is distinct @@SEP@@ @@1@@ where @@2@@ is distinct @@SEP@@ @@1@@ where @@2@@ is distinct @@SEP@@ @@1@@ where @@2@@ is distinct @@SEP@@ @@1@@ where @@2@@ is distinct @@SEP@@ @@1@@ where @@2@@ is distinct @@SEP@@ @@1@@ where @@2@@ is distinct @@SEP@@ @@1@@ where @@2@@ is distinct @@SEP@@ @@1@@ where @@2@@ is distinct @@SEP@@ @@1@@ where @@2@@ is distinct @@SEP@@ @@1@@ where @@2@@ is distinct @@SEP@@ @@1@@ where @@2@@ is distinct @@SEP@@ @@1@@ where @@2@@ is distinct @@SEP@@ @@1@@ where @@2@@ is distinct @@SEP@@ @@1@@ where @@2@@ is distinct @@SEP@@ @@1@@ where @@2@@ is distinct @@SEP@@ @@1@@ where @@2@@ is distinct @@SEP@@ @@1@@ where @@2@@ is distinct @@SEP@@ @@1@@ where @@2@@ is distinct @@SEP@@ @@1@@		False
CWQ_train_WebQTrn-672_6acc16caab638158eb5f1140ae7dd724	What language do they speak in Iran, which has the initials AII?	Iran @@SEP@@ language of @@1@@ @@SEP@@ initials of @@2@@ @@SEP@@ @@2@@ where @@3@@ is AII	Iran @@SEP@@ @@1@@ that has the initials AII @@SEP@@ @@2@@ language of @@3@@	0.43181818181818177	False
SPIDER_train_1732	List the names of players that do not have coaches.	players @@SEP@@ @@1@@ that have coaches @@SEP@@ @@1@@ besides @@2@@ @@SEP@@ names of @@3@@	players @@SEP@@ @@1@@ with coaches @@SEP@@ @@1@@ besides @@2@@ @@SEP@@ names of @@3@@	0.04166666666666667	False
DROP_train_nfl_1153_ab4c507f-e3fa-4a68-b771-c4e8dfa5abbb	How many feild goals did Philadelphia score?	Philadelphia @@SEP@@ feild goals of @@1@@ @@SEP@@ number of @@2@@	the Eagles @@SEP@@ field goals of @@1@@ @@SEP@@ number of @@2@@	0.15999999999999998	False
ATIS_train_2969	please list the flights from denver to phoenix 	flights @@SEP@@ @@1@@ from denver @@SEP@@ @@2@@ to phoenix	flights @@SEP@@ @@1@@ from denver to phoenix	0.44000000000000006	True
SPIDER_train_970	What are the medicine and trade names that cannot interact with the enzyme with the product 'Heme'?	enzymes @@SEP@@ products that @@1@@ can not interact with @@SEP@@ @@1@@ where @@2@@ is 'Heme @@SEP@@ medicine name of @@3@@ @@SEP@@ trade name of @@3@@ @@SEP@@ @@4@@ , @@5@@	medicines @@SEP@@ enzymes interact with of @@1@@ @@SEP@@ products of @@2@@ @@SEP@@ @@2@@ where @@3@@ is 'Heme @@SEP@@ number of @@4@@ for each @@1@@ @@SEP@@ @@1@@ where @@5@@ is zero @@SEP@@ medicine names of @@6@@ @@SEP@@ trade names of @@6@@ @@SEP@@ @@7@@, @@8@@	0.5072039072039072	False
NLVR2_train_train-9650-3-1	If two clear vases with green fruit in their water-filled bases are shown in the right image.	right image @@SEP@@ vases in @@1@@ @@SEP@@ bases of @@2@@ @@SEP@@ @@3@@ that are water-filled @@SEP@@ fruit in @@1@@ @@SEP@@ @@5@@ that is green @@SEP@@ @@6@@ that are in @@4@@ @@SEP@@ @@2@@ that has @@7@@ @@SEP@@ number of @@8@@ @@SEP@@ if @@9@@ is equal to two	two vases @@SEP@@ @@1@@ that are clear @@SEP@@ if @@2@@ are in the right image @@SEP@@ if @@3@@ are in the right image @@SEP@@ if @@4@@ are in the right image @@SEP@@ if @@5@@ are in the right image	0.6650095935810222	False
